file_name,video_id,publish_date,total_word_count,Lemma_genocide,Lemma_Israel,Lemma_Gaza,Lemma_Hamas,Lemma_War,Lemma_Hostages,Lemma_Iran,Lemma_Palestine,Lemma_Aid,Lemma_Military,Token_Palestinians,Token_Israelis,Lemma_Palestinian,Lemma_Israeli,Lemma_Humanitarian,Lemma_Ceasefire,Lemma_Rafa,Lemma_Netanyahu,Lemma_Hospital,Lemma_Children,Lemma_Minister,Lemma_Attack,Lemma_Killed,Lemma_Hezbollah,Lemma_Civilians,Lemma_Lebanon,Lemma_Terrorist,Lemma_terror,Lemma_Westbank,Lemma_Egypt,Lemma_Support,Lemma_Biden,Lemma_Court,Lemma_Food,Lemma_Water,Lemma_Electricity,Lemma_Health,Lemma_Negotiations,Lemma_Militia,Lemma_Family,Lemma_Hostage,Lemma_Refugee,Lemma_Protest,Lemma_Islamic,Lemma_unra,Lemma_Unrwa,Lemma_Diplomatic,Lemma_Jewish,Lemma_Suffering,Lemma_Casualties,Lemma_Death,Lemma_Militant,Lemma_Soldiers,Lemma_Human,Lemma_Prisoners,Lemma_Escalation,Lemma_Fuel,Lemma_Supplies,Lemma_Civilian,Lemma_idf,Lemma_Displace,Lemma_UN,Lemma_Israeli Government,Lemma_October 7th,Lemma_United states,Lemma_Evacuate corridor,Lemma_Terror attacks,Lemma_Release hostages,Lemma_United Nations,Lemma_Israeli military
'a bird in heaven' grandfather cradles 7-year-old granddaughter killed in southern gaza_treetagger_output.txt,2pgFrmNgjUo,20240210,218,0,0,0,0,0,0,0,0,0,0,0,0,0,0,0,0,0,0,0,0,0,0,0,0,0,0,0,0,0,0,0,0,0,0,0,0,0,0,0,0,0,0,0,0,0,0,0,0,0,0,0,0,0,0,0,0,0,0,0,0,0,0,0,0,0,0,0,0,0,0
'a mistake' biden warns against israel occupying gaza_treetagger_output.txt,GoRBO7Hu9KM,20231016,1205,0,9,8,8,8,8,4,0,0,1,2,2,3,5,5,0,0,1,0,0,2,0,2,4,0,2,0,0,0,1,3,3,0,0,0,0,0,1,0,0,3,0,0,0,0,0,0,0,0,0,0,0,0,0,0,0,0,1,1,1,0,0,0,0,0,0,0,0,0,0
'dangerous and unhinged' white house reacts to trump complimenting hezbollah_treetagger_output.txt,qHx5qTp2DhY,20231012,1589,0,8,0,3,0,0,1,0,0,0,0,2,1,3,0,0,0,10,0,1,1,4,0,4,0,0,2,0,0,0,2,9,0,0,1,0,0,0,0,0,0,0,0,0,0,0,0,0,0,0,0,0,0,0,0,0,0,0,0,0,0,1,0,0,0,0,0,0,0,0
'death was a blessing' father on learning fate of daughter_treetagger_output.txt,dVxHa7Cv2a0,20231012,972,0,0,0,0,0,0,0,0,0,0,0,0,0,0,0,0,0,0,0,0,0,0,0,0,0,0,0,0,0,0,0,0,0,0,0,0,0,0,0,0,0,0,0,0,0,0,0,0,0,0,0,0,0,0,0,0,0,0,0,0,0,0,0,0,0,0,0,0,0,0
'i don't know if we're going to make it' palestinian-american stuck in gaza speaks out_treetagger_output.txt,Iqjqm7pBIIE,20231011,757,0,0,7,3,0,0,0,0,0,0,1,0,1,2,0,0,0,0,1,2,0,0,0,0,0,0,0,0,0,0,0,0,0,0,0,0,0,0,0,0,0,0,0,0,0,0,0,0,0,0,1,0,0,0,0,0,0,0,0,1,0,0,0,0,0,0,0,0,0,0
'i was so shocked' mom who broke down on dnc stage speaks out_treetagger_output.txt,PzLBHU9S-go,20240822,1294,0,1,4,3,1,4,0,0,0,0,0,0,0,1,1,0,0,1,0,1,1,0,0,0,3,0,0,1,0,0,3,0,0,0,0,0,0,1,0,0,3,0,0,0,0,0,0,1,3,0,0,0,0,3,0,0,0,0,0,0,0,0,0,0,0,0,0,0,0,0
'israelis are bombing the crap out of gaza' tapper presses biden official on american hostages_treetagger_output.txt,EtAz61fKLeg,20231015,1855,0,10,15,15,4,7,0,0,0,0,2,4,2,4,0,0,0,0,0,2,0,1,2,0,10,0,2,0,0,4,0,4,0,3,6,2,0,0,0,0,7,0,0,0,0,0,0,0,0,0,0,0,0,0,0,0,0,2,0,1,0,0,0,0,0,0,0,0,0,0
'it was animal slaughter' israeli festival survivor describes horror_treetagger_output.txt,VWu7zjxvOxg,20231012,1267,0,0,0,0,3,0,0,0,0,0,0,0,0,0,0,0,0,0,2,0,0,0,5,0,0,0,1,0,0,0,0,0,0,0,0,0,0,0,0,0,0,0,0,0,0,0,0,0,1,0,0,0,0,0,0,0,0,0,0,3,0,0,0,0,0,0,0,0,0,0
'it was like that place didn't exist' see doctors' journey leaving gaza_treetagger_output.txt,r6s5C5GhnAY,20240531,410,0,1,4,0,0,0,0,0,0,0,1,0,0,0,2,0,0,0,1,0,0,0,0,0,0,0,0,0,0,0,0,1,0,0,0,0,1,0,0,0,0,0,0,0,0,0,0,0,0,0,0,0,0,0,0,0,0,0,0,0,0,0,0,0,0,0,0,0,0,0
'it's a very big deal' petraeus on the significance of iran's attack_treetagger_output.txt,gAQMmtiCuG4,20240415,1404,0,15,1,3,5,1,16,0,0,0,0,4,0,2,0,0,0,1,0,0,1,9,1,3,0,2,0,0,0,0,0,2,0,0,0,0,0,0,0,0,0,0,0,0,0,0,1,0,0,1,0,0,0,0,0,2,2,0,0,0,0,0,0,0,0,0,0,0,0,0
'mind-boggling' retired general on hamas tunnel in gaza_treetagger_output.txt,8cQ7zYQlPyg,20231218,1062,0,2,7,8,0,4,0,0,0,1,0,1,1,8,0,0,0,0,0,0,0,0,1,0,1,0,3,0,0,0,0,1,0,0,0,0,1,0,0,0,0,0,0,0,0,0,0,0,0,0,0,0,4,0,0,0,0,0,1,5,0,0,0,0,0,0,0,0,0,0
'nobody can win a war like this' jewish student reflects on israeli-hamas war_treetagger_output.txt,DPNVq3BXy-U,20231101,1068,0,14,7,5,3,1,0,2,0,2,2,0,1,3,0,0,0,0,0,0,0,1,0,0,1,0,0,2,0,0,1,0,3,0,0,0,0,0,0,4,0,0,0,0,0,0,0,5,0,0,0,0,0,0,0,0,0,0,0,0,0,0,0,0,0,0,0,0,0,0
'orders of magnitude more difficult' petraeus on urban combat_treetagger_output.txt,RYtxWLVwH_Q,20231017,1446,0,3,5,7,3,0,0,0,0,5,1,1,1,3,0,0,0,1,1,0,1,2,1,0,0,0,1,0,0,3,0,0,0,0,0,0,0,0,0,0,0,0,0,2,0,0,0,0,0,2,0,0,0,0,0,0,0,0,2,1,0,0,0,0,0,0,0,0,0,0
'shocking' watch blinken react to footage of hamas terrorist attack on family_treetagger_output.txt,8adDjfFKfwI,20231103,1235,0,5,8,7,1,0,0,0,0,0,0,1,2,2,1,0,0,0,0,2,0,2,1,0,2,0,2,1,0,0,0,0,0,0,1,1,0,0,0,1,0,0,0,0,0,0,0,0,0,1,0,0,0,1,0,0,0,0,1,0,0,0,0,0,0,0,0,0,0,0
'soap has become a luxury item' aid official describes anguish in gaza_treetagger_output.txt,FcVtsq068KI,20240830,1505,0,4,4,1,3,0,0,0,11,0,0,1,0,1,3,0,0,0,4,4,0,0,0,0,0,0,0,0,0,0,1,0,0,0,2,0,0,1,0,1,1,0,0,0,0,0,0,0,0,0,2,0,0,1,0,0,1,0,0,0,0,0,0,0,0,0,0,0,0,0
'they bombed an entire street' child in gaza who pulled brother from rubble_treetagger_output.txt,sxhFnBEe6Ts,20231203,502,0,0,0,0,0,0,0,0,0,0,0,0,0,0,0,0,0,0,0,0,0,0,0,0,0,0,0,0,0,0,0,0,0,0,0,0,0,0,0,0,0,0,0,0,0,0,0,0,0,0,0,0,0,0,0,0,0,0,0,2,0,0,0,0,0,0,0,0,0,0
'they told us this area was safe' designated gaza safe zone targeted by israeli airstrike_treetagger_output.txt,hrqXnnPe4FQ,20240910,1030,0,4,7,8,1,0,0,0,0,4,1,0,2,10,4,0,0,0,0,1,0,1,7,0,7,0,0,0,0,0,0,0,0,0,0,0,2,0,0,0,0,0,2,0,0,0,0,0,0,0,1,0,0,1,0,0,0,0,0,5,0,1,0,0,0,0,0,0,0,0
'we have 3 minutes' cnn goes inside one of most dangerous places in northern israel_treetagger_output.txt,FWibxMDbMFc,20240709,1261,0,10,13,5,4,0,0,0,0,8,1,1,1,9,0,0,0,0,0,1,0,2,1,5,2,2,0,0,0,0,0,0,0,0,0,0,0,2,0,0,0,0,0,0,0,0,0,0,0,0,0,1,0,0,0,0,0,0,1,0,0,0,0,0,0,0,0,0,0,0
'who takes over' tapper presses netanyahu adviser on the future of gaza_treetagger_output.txt,D4ijJkr_d_A,20231027,962,0,3,13,13,2,0,0,0,0,6,0,0,0,4,2,0,0,1,2,0,2,0,0,0,2,0,2,0,0,0,0,0,0,0,0,0,0,0,0,0,0,0,0,0,0,0,0,0,0,0,0,0,4,1,0,0,0,0,1,6,0,0,0,0,0,0,0,0,0,0
'you don't compliment any of them' haley responds to trump's hamas comment_treetagger_output.txt,rs_hCX_JmyM,20231015,2130,0,20,6,18,0,6,6,0,0,0,6,0,5,4,1,0,0,1,0,3,2,0,1,4,3,1,3,0,0,3,2,6,0,0,0,0,0,0,0,0,2,0,0,0,0,0,0,1,0,0,2,0,0,1,0,0,0,0,1,1,0,0,0,0,0,0,0,0,0,0
"104 civilians killed trying to access food aid trucks in gaza, palestinian health ministry says_treetagger_output.txt",ywOzeZl7uIU,20240229,586,0,0,5,1,0,0,0,0,8,7,0,0,2,11,2,0,0,0,0,0,0,0,4,0,0,0,0,0,0,0,0,0,0,2,0,0,2,0,0,0,0,0,0,0,0,0,0,0,0,0,0,0,1,0,0,0,0,1,0,1,0,0,0,0,0,0,0,0,0,0
"300,000 israeli troops stand at ready after hamas attack_treetagger_output.txt",WeuvIUopgGg,20231011,509,0,8,4,2,2,0,0,0,0,6,0,1,0,5,0,0,0,0,0,1,0,1,0,0,0,0,2,0,0,0,0,0,0,0,0,0,0,0,0,0,0,0,0,0,0,0,0,0,0,0,0,0,4,0,0,0,0,0,0,0,0,0,0,0,0,0,0,0,0,0
85-year-old grandmother freed by hamas describes being kidnapped_treetagger_output.txt,dCgI8OoeZF8,20231024,1850,0,6,10,18,3,14,0,0,1,5,0,1,0,7,1,0,0,1,1,1,3,4,5,0,0,0,1,1,0,0,3,0,0,2,3,0,0,0,0,0,5,0,0,0,0,0,0,0,0,0,0,0,0,0,0,0,0,0,0,3,0,0,0,0,0,0,0,0,0,0
alleged leaked netanyahu audio reveals he might be angry with the us_treetagger_output.txt,r9c0117-HNc,20240126,425,0,2,1,1,1,3,0,0,0,1,0,1,0,5,0,0,0,4,0,0,4,0,0,0,0,0,0,0,0,0,0,1,0,0,0,0,0,0,0,0,2,0,0,0,0,0,1,0,0,0,0,0,0,0,0,0,0,0,0,0,0,0,0,0,0,0,0,0,0,0
american nurse who got out of gaza describes desperation she saw_treetagger_output.txt,gk7iWgCk14U,20231107,1608,0,1,11,0,1,0,0,0,0,0,1,0,1,2,0,0,0,0,5,4,0,1,2,0,2,0,0,0,0,0,0,0,0,3,8,0,0,0,0,4,0,1,0,0,0,0,0,0,0,0,2,0,0,0,0,0,0,3,0,1,0,0,0,0,0,0,0,0,0,0
analyst how hamas is using cryptocurrency to raise funds_treetagger_output.txt,IfWjwKl-CA8,20231014,782,0,1,0,7,0,0,1,0,0,1,0,0,0,0,0,0,0,0,0,0,0,1,0,0,0,0,5,0,0,0,1,0,0,0,0,0,0,0,0,0,0,0,0,0,0,0,0,0,0,0,0,0,0,0,0,0,0,0,0,0,0,0,0,0,0,0,0,0,0,0
analyst weighs in on hamas hostage video release_treetagger_output.txt,-81vCffWq6k,20231017,809,0,3,1,8,1,9,2,0,0,3,0,0,1,4,0,0,0,0,0,1,0,2,2,0,0,0,3,1,0,0,0,0,0,0,0,0,0,0,0,1,4,0,0,1,0,0,0,0,0,0,0,0,0,2,1,0,0,0,1,1,0,0,0,0,0,0,0,0,0,0
anderson cooper had a realization about a hostage during a live interview with his parents_treetagger_output.txt,5QqFweh3CC4,20231024,1671,0,0,2,4,0,6,0,0,0,0,0,1,0,1,0,0,0,0,0,5,0,0,0,0,0,0,0,0,0,0,1,1,0,0,0,0,0,0,0,2,3,0,0,0,0,0,0,1,1,0,0,0,0,0,0,0,0,0,0,0,0,0,0,0,0,0,0,0,0,0
"anderson cooper's connection to the parents of hostage hersh goldberg-polin, who was killed by hamas_treetagger_output.txt",jEW8H34zEGw,20240904,1583,0,3,4,5,0,14,0,0,0,0,0,1,0,10,0,0,0,2,0,3,3,1,0,0,0,0,0,0,0,0,0,1,0,0,0,0,0,0,0,1,3,0,0,0,0,0,0,2,1,0,4,0,0,0,0,0,1,0,0,1,0,0,0,0,0,0,0,0,0,0
"at least 45 dead as israel strikes rafah, gazan officials say_treetagger_output.txt",dsnvUjPrC3g,20240527,1076,0,14,5,3,1,0,0,0,0,6,0,0,2,2,0,2,0,0,0,2,1,3,1,0,10,0,0,0,0,0,1,4,2,0,0,0,3,1,0,0,0,1,0,0,0,0,0,0,0,3,0,0,0,0,0,0,0,0,0,1,0,0,0,0,0,0,0,0,0,0
attacks on us military in middle east stoke fear of regional war_treetagger_output.txt,POm7qqRaNnM,20231020,1448,0,5,15,0,0,0,2,0,2,4,0,0,0,4,0,0,0,0,4,0,0,3,1,0,0,0,0,0,0,2,0,0,0,0,0,2,0,0,0,0,0,0,0,0,0,0,0,0,1,0,1,0,0,0,0,0,6,1,0,1,0,0,0,0,0,0,0,0,0,0
before and after satellite images show destruction in gaza_treetagger_output.txt,lX1kQKDZ2NA,20231026,723,0,5,7,1,3,0,0,0,0,0,0,0,0,2,2,0,0,0,0,0,2,0,1,0,0,0,0,0,0,0,0,0,0,0,0,0,0,0,0,0,0,0,0,0,0,0,0,0,0,0,0,0,1,0,0,0,2,1,0,2,0,1,0,0,0,0,0,0,0,0
benjamin netanyahu disbands israeli war cabinet_treetagger_output.txt,LRQaFxADQjg,20240617,1540,0,24,16,2,16,2,1,0,7,4,0,4,1,6,2,1,3,5,0,0,7,0,1,7,0,9,0,0,0,0,0,0,0,0,0,0,0,0,0,0,0,0,1,0,0,0,0,0,0,0,0,1,0,0,1,1,0,0,0,5,0,1,0,0,0,0,0,0,0,0
bernie sanders rips netanyahu ahead of high-stakes speech to congress_treetagger_output.txt,T_0cXkyvTBg,20240724,1685,0,5,13,6,7,7,0,0,0,0,0,1,1,12,3,2,0,20,0,0,7,0,1,0,2,0,0,0,0,0,1,3,0,0,0,0,0,0,0,2,1,0,1,0,0,0,0,2,0,0,1,0,0,0,0,0,0,0,0,1,0,1,0,0,0,0,0,0,0,0
bernie sanders us should not give netanyahu 'another nickel'_treetagger_output.txt,dszS9Nl5Cps,20240301,350,1,0,1,0,3,0,0,0,1,1,0,0,0,0,0,0,0,0,0,1,0,0,0,0,0,0,0,0,0,0,0,2,0,0,0,0,0,0,0,0,0,0,0,0,0,0,0,0,0,0,0,0,0,0,0,0,0,0,0,0,0,0,0,0,0,0,0,0,0,0
biden and netanyahu to speak for the first time since 7 aid workers killed in gaza_treetagger_output.txt,X-t8H8bu6zw,20240404,1835,0,18,5,1,2,0,0,0,12,4,1,5,0,10,6,0,0,7,0,0,7,3,4,0,4,0,0,0,0,0,3,11,0,0,0,0,0,1,0,0,1,0,0,0,0,0,0,0,0,0,1,0,0,0,0,0,0,0,1,0,0,1,0,0,0,0,0,0,0,0
biden confirms 4-year-old abigail edan among hostages released_treetagger_output.txt,kBLvPKT3R6k,20231126,1341,0,7,9,6,1,12,0,0,3,0,1,1,1,1,2,0,0,2,2,2,2,0,2,0,1,0,0,0,0,4,0,0,0,1,1,0,0,0,0,0,4,0,0,0,0,0,0,0,1,0,0,2,0,0,1,0,1,0,0,0,0,0,0,0,0,0,0,0,0,0
biden downplaying hamas' october 7 attack must stop_treetagger_output.txt,DWhlNn_CPVg,20240507,1698,1,2,0,5,4,3,0,0,0,0,0,1,0,0,0,0,0,0,0,1,0,0,0,0,0,0,1,2,0,0,0,1,0,0,0,0,0,0,0,4,1,1,2,0,0,0,1,17,0,0,0,0,0,2,0,0,0,0,0,0,0,0,0,0,0,0,0,0,0,0
biden hamas attack on israel is ‘an act of sheer evil’_treetagger_output.txt,lQLlo89kaco,20231010,1263,1,13,0,5,3,2,0,0,0,2,0,0,2,2,0,0,0,1,0,2,1,2,2,0,3,0,2,1,0,0,0,2,0,0,0,0,0,0,0,1,3,0,0,0,0,0,0,7,1,0,0,0,0,3,0,0,0,0,0,0,0,0,0,0,0,0,0,0,0,0
biden hostage release 'only a start'_treetagger_output.txt,1yhU4tihI44,20231124,1632,0,7,6,12,3,11,0,0,2,0,3,2,1,3,3,0,0,4,1,4,5,1,0,0,1,0,1,1,0,4,1,0,0,3,2,0,0,0,0,1,1,0,0,0,0,0,0,1,1,1,0,0,0,0,0,0,4,2,0,0,0,0,0,0,0,0,0,0,0,0
biden to netanyahu protect civilians or else_treetagger_output.txt,f7MB9VKx-ds,20240404,1544,0,26,13,6,2,3,1,0,11,0,0,2,0,7,11,0,0,3,0,0,6,1,0,0,12,0,1,0,0,0,1,5,0,1,0,0,0,0,0,0,0,0,0,0,0,0,0,0,3,0,0,0,0,4,0,0,0,0,4,0,0,0,0,0,0,0,0,0,0,0
biden warns that netanyahu needs to change his government_treetagger_output.txt,vLs3miDGwKE,20231212,1346,0,24,7,4,6,0,0,0,0,0,0,0,0,5,3,1,0,10,0,0,4,0,0,0,3,0,0,0,0,0,7,8,0,0,0,0,0,0,0,0,0,0,0,0,0,0,0,0,0,2,0,0,0,1,0,0,0,0,4,0,0,0,0,0,0,0,0,0,0,0
blinken describes how the israel-hamas war affects him personally_treetagger_output.txt,JCAza8k6CyI,20231207,553,0,1,0,3,1,2,0,0,0,0,0,0,0,0,0,0,0,0,0,2,0,0,0,0,0,0,0,0,0,0,0,0,0,0,1,0,0,0,0,0,0,0,0,0,0,0,0,0,0,0,0,0,0,1,0,0,0,0,0,0,0,0,0,0,0,0,0,0,0,0
blinken gives update on release of 2 american hostages held by hamas_treetagger_output.txt,czQWZAaWlHA,20231020,1732,0,11,4,8,3,4,1,0,0,0,0,0,1,0,1,0,0,0,0,1,0,2,0,1,0,0,1,1,0,3,0,2,0,0,0,0,1,0,0,2,7,0,0,0,0,0,0,0,0,0,1,0,0,3,0,0,0,0,1,0,0,0,0,0,0,0,0,0,0,0
blinken on why international community slow to address sexual violence committed by hamas_treetagger_output.txt,CTg_4VZpNTc,20231210,1731,0,18,3,6,1,0,0,0,1,5,0,2,5,0,6,0,0,0,0,0,0,0,3,0,5,0,2,0,0,0,1,0,0,0,0,0,0,0,0,0,1,0,0,0,0,0,0,0,0,0,1,0,0,1,0,0,0,0,4,2,0,0,0,0,0,0,0,0,0,0
blogger leaves haunting words in final video from gaza_treetagger_output.txt,5f0Onb1RV34,20231124,1208,0,2,17,2,6,0,0,0,10,0,1,0,0,1,4,0,0,0,0,1,0,0,2,0,2,0,0,0,0,2,0,0,0,0,3,0,0,0,0,1,0,0,0,0,0,0,0,0,0,0,2,0,0,0,0,0,3,0,0,1,0,0,0,0,0,0,0,0,0,0
bolton says icc actions show it’s not ‘tethered to rule of law itself’_treetagger_output.txt,qTvFuNNVwnA,20240521,1456,2,8,4,17,3,0,0,0,0,2,1,0,2,5,0,0,0,1,1,5,3,0,6,0,1,0,0,0,0,0,0,6,12,1,1,1,1,0,0,0,0,0,0,0,0,0,0,0,0,3,0,0,0,3,0,0,0,0,2,0,0,0,0,0,0,0,0,0,0,0
breaking down what biden said in israel amid deadly gaza hospital strike_treetagger_output.txt,hg4m7bnDl0s,20231018,1775,0,27,12,5,7,0,1,0,5,0,0,3,2,2,6,0,0,2,2,0,5,2,0,1,1,0,3,0,0,2,2,6,0,0,0,0,0,0,0,0,0,0,0,1,0,0,0,0,0,0,0,0,0,0,0,0,0,0,0,0,0,0,0,0,0,0,0,0,0,0
brother of released american hostage speaks out_treetagger_output.txt,6gpi9S7P_c8,20231021,1878,0,5,7,6,0,8,0,1,0,0,0,1,0,4,1,0,0,0,0,2,0,0,1,0,0,0,0,0,0,2,2,3,0,0,0,0,1,0,0,6,2,0,0,0,0,0,0,0,0,0,0,0,0,0,0,0,0,0,0,3,0,0,0,0,0,0,0,0,0,0
burnett confronts top israeli official about october 7 intelligence failure_treetagger_output.txt,4l556W2LMzE,20231202,709,0,6,2,7,6,0,0,0,0,0,0,1,0,1,0,0,0,1,0,0,1,1,0,0,0,0,0,0,0,1,0,0,0,0,0,0,0,0,0,0,0,0,0,0,0,0,0,0,0,0,0,0,0,0,0,0,0,0,0,0,0,0,0,0,0,0,0,0,0,0
catch up on netanyahu’s speech to congress and analysis_treetagger_output.txt,EuylZvvtTxc,20240725,5515,2,41,27,15,9,18,16,0,8,3,2,4,3,15,2,1,0,18,0,1,25,0,6,2,3,1,0,0,0,0,4,5,1,1,0,0,0,1,0,3,7,0,1,0,0,0,0,6,0,1,5,0,0,0,0,0,0,1,4,2,0,0,0,0,0,0,0,0,0,0
cheers erupt as red cross convoy passes through rafah crossing_treetagger_output.txt,IX2lBOesLO4,20231124,1475,0,9,6,10,0,17,0,0,0,0,0,0,0,6,3,0,0,0,1,0,1,0,0,0,0,0,0,0,0,4,1,0,0,0,0,0,0,0,0,0,2,0,0,0,0,0,1,1,0,0,0,0,0,0,0,0,0,0,0,3,0,1,0,0,0,0,0,0,0,0
chilling audio from israeli medic reveals last moments_treetagger_output.txt,R-KUt4Pp_-M,20231019,581,0,0,0,0,0,0,0,0,0,0,0,0,0,0,0,0,0,0,0,0,0,0,0,0,0,0,0,0,0,0,0,0,0,0,0,0,0,0,0,0,0,0,0,0,0,0,0,0,0,0,0,0,0,0,0,0,0,0,0,0,0,0,0,0,0,0,0,0,0,0
chris christie on what he thinks is top priority in israel-hamas war_treetagger_output.txt,8h7Raw-KFZE,20231112,1603,0,10,6,16,3,1,2,0,2,6,1,1,2,8,1,0,0,3,2,0,4,1,5,0,4,0,1,0,0,0,2,0,0,0,0,0,0,0,0,2,0,0,0,0,0,0,1,1,1,1,0,0,0,1,0,0,2,0,5,1,0,0,0,0,0,0,0,0,0,0
clarissa ward explains what aid has made it into gaza_treetagger_output.txt,43exO3on0c0,20231021,486,0,1,5,1,0,0,0,0,3,0,1,1,0,0,6,0,0,0,0,0,0,0,0,0,0,0,0,0,0,4,0,0,0,2,1,0,0,0,0,0,0,0,0,0,0,0,0,0,0,0,0,0,0,0,0,0,4,1,0,0,0,3,0,0,0,0,0,0,0,0
cnn anchor asks idf spokesman where palestinians were supposed to go after strike_treetagger_output.txt,,,874,0,1,1,7,0,0,0,0,0,1,1,0,2,3,0,0,0,0,0,0,0,1,0,0,2,0,0,1,0,1,0,0,0,0,0,0,0,0,0,3,0,5,0,0,0,0,0,0,1,1,1,0,0,1,0,0,0,0,0,3,0,0,0,0,0,0,0,0,0,0
cnn anchor asks idf spokesperson if airstrikes have accomplished all they can_treetagger_output.txt,0QMzPkn3M0w,20231106,1312,0,3,11,13,2,0,0,0,0,1,3,0,2,8,11,0,0,0,0,0,0,1,2,3,13,4,0,0,0,0,0,3,0,1,2,0,0,0,0,1,0,0,0,0,0,0,0,0,0,2,1,0,0,1,0,1,0,0,7,3,0,0,0,0,0,0,0,0,0,0
cnn anchor breaks down questions surrounding 'tragic errors' in israel's war against hamas_treetagger_output.txt,RSh5z9IhleI,20240529,351,0,0,0,0,0,0,0,0,0,0,0,0,0,0,0,0,0,0,0,0,0,0,0,0,0,0,0,0,0,0,0,0,0,0,0,0,0,0,0,0,0,0,0,0,0,0,0,0,0,0,0,0,0,0,0,0,0,0,0,0,0,0,0,0,0,0,0,0,0,0
cnn anchor presses netanyahu adviser on civilian deaths at jabalya camp_treetagger_output.txt,JOINc6J8sn0,20231101,1136,0,0,0,0,0,0,0,0,0,0,0,0,0,0,0,0,0,0,0,0,0,0,0,0,0,0,0,0,0,0,0,0,0,0,0,0,0,0,0,0,0,0,0,0,0,0,0,0,0,0,0,0,0,0,0,0,0,0,0,0,0,0,0,0,0,0,0,0,0,0
cnn asked us national security adviser about israel using ‘dumb bombs’ in gaza_treetagger_output.txt,,,1152,0,12,3,7,3,2,0,0,1,3,1,0,3,4,3,0,0,2,0,0,3,0,0,0,3,0,3,0,0,1,2,6,1,0,0,0,0,0,0,0,0,0,0,0,0,0,0,1,0,0,0,0,0,0,0,0,0,0,1,1,0,0,0,0,0,0,0,0,0,0
"cnn asks netanyahu, ‘how much is too much’ hear his response_treetagger_output.txt",t-CfrPcQYCY,20240904,583,0,2,5,3,4,0,0,1,4,0,1,0,0,1,5,0,0,0,0,2,1,0,3,0,3,0,0,0,0,0,0,0,0,5,1,0,1,0,0,0,0,0,0,0,0,0,0,0,0,2,2,0,0,0,0,0,0,0,4,0,0,0,0,0,0,0,0,0,0,0
cnn correspondent breaks down new idf report on wck strike_treetagger_output.txt,xhpWPuYaRTE,20240405,1488,0,7,8,2,0,0,0,0,13,1,0,1,1,8,6,0,0,11,0,0,4,0,1,0,1,0,0,0,0,0,1,9,0,3,0,0,0,0,0,0,0,0,0,0,0,0,0,0,0,0,0,0,0,0,0,0,0,1,0,15,0,1,0,0,0,0,0,0,0,0
cnn forensic analysis suggests what may have caused gaza hospital blast_treetagger_output.txt,gji_20BZiDM,20231022,538,0,3,5,1,0,0,0,0,0,1,0,0,2,2,0,0,0,0,6,0,0,0,1,0,0,0,0,0,0,0,0,0,0,0,0,0,0,0,0,0,0,0,0,1,0,0,0,0,0,0,0,0,0,0,0,0,0,0,0,0,0,0,0,0,0,0,0,0,0,0
cnn goes into underground tunnel that idf claims was under gaza cemetery_treetagger_output.txt,34CxzZtVxnE,20240129,657,0,0,2,4,0,0,0,0,0,10,0,0,0,7,0,0,0,0,0,0,0,0,0,0,0,0,0,0,0,0,0,0,0,0,1,2,0,0,0,0,0,0,0,0,0,0,0,0,0,0,0,0,0,0,0,0,0,0,0,0,0,0,0,0,0,0,0,0,0,0
cnn presses idf spokesperson on firing at civilians seeking aid_treetagger_output.txt,mRrAnvDhuI4,20240229,1049,0,0,0,0,0,0,0,0,0,0,0,0,0,0,0,0,0,0,0,0,0,0,0,0,0,0,0,0,0,0,0,0,0,0,0,0,0,0,0,0,0,0,0,0,0,0,0,0,0,0,0,0,0,0,0,0,0,0,0,6,0,0,0,0,0,0,0,0,0,0
cnn presses idf spokesperson on the ratio of civilian casualties_treetagger_output.txt,,,920,0,0,3,8,0,1,0,0,1,3,1,0,2,1,2,0,0,0,0,0,0,0,2,0,6,0,2,0,0,0,0,0,0,0,0,0,0,0,0,0,0,0,0,0,0,0,0,0,0,2,0,0,0,1,0,0,0,0,5,2,0,0,0,0,0,0,0,0,0,0
cnn producer tried to cross from gaza into egypt_treetagger_output.txt,,,376,0,1,3,0,0,0,0,0,0,0,0,0,0,0,0,0,0,0,0,0,0,0,0,0,1,0,0,0,0,1,0,0,0,0,0,0,0,0,0,1,0,0,0,0,0,0,0,0,0,0,0,0,0,0,0,0,0,0,0,0,0,0,0,0,0,0,0,0,0,0
cnn reporter embeds with idf in gaza_treetagger_output.txt,,,839,0,2,11,4,5,0,0,0,0,2,1,2,1,2,3,0,0,0,0,2,0,2,4,0,4,0,0,1,0,0,0,0,0,0,0,0,1,0,0,0,0,0,0,0,0,0,0,0,0,1,0,0,2,0,0,0,0,0,1,6,0,0,0,0,0,0,0,0,0,0
cnn reporter lays out israel's evaluation of iran's alleged involvement in the hamas attacks_treetagger_output.txt,cy9fD07y4-w,20231012,983,0,3,6,5,1,2,4,0,0,1,0,1,0,5,0,0,0,0,0,0,0,3,0,0,0,0,0,0,0,0,3,0,0,0,0,0,0,0,0,0,0,0,0,0,0,0,0,0,0,0,0,0,1,0,0,0,0,0,0,1,0,0,0,0,0,0,0,0,0,0
cnn reporter takes a look inside gaza hospitals 'on the brink of collapse'_treetagger_output.txt,3YborCsNNTo,20231021,1747,0,5,10,2,1,0,0,1,11,0,0,0,2,0,4,0,0,0,1,4,0,0,1,0,2,0,0,1,0,2,0,1,0,13,4,1,1,1,0,0,0,0,0,0,0,0,2,0,1,0,3,0,0,0,0,0,3,3,0,0,0,1,0,0,0,0,0,0,0,0
cnn tours israeli military base filled with seized hamas weapons_treetagger_output.txt,qGFzeKG3_r4,20231018,493,0,1,4,4,0,0,2,0,0,0,0,0,0,0,0,0,0,0,0,0,0,0,0,0,0,0,0,0,0,0,0,0,0,0,0,0,0,0,0,0,0,0,0,1,0,0,0,0,0,0,0,0,0,0,0,0,0,0,0,0,0,0,0,0,0,0,0,0,0,0
cnn video shows palestinian detainees blindfolded and barefoot near gaza border_treetagger_output.txt,fKoVfMVLk7A,20240127,1789,0,10,15,1,0,0,0,1,10,6,2,0,4,14,3,0,0,0,2,0,0,2,1,0,2,0,4,1,0,0,0,0,0,4,0,0,0,0,0,1,0,0,0,0,0,1,0,0,0,0,0,0,2,1,0,0,0,2,0,1,0,3,0,0,0,0,0,0,0,0
cnn visited a gaza hospital_treetagger_output.txt,,,2044,0,5,19,0,1,0,0,0,1,3,0,0,0,2,4,0,0,0,13,3,0,0,7,0,5,0,0,0,0,2,0,0,0,0,1,1,0,0,0,4,0,0,0,0,0,0,0,0,0,4,1,0,0,0,0,0,4,4,2,0,0,0,0,0,0,0,0,0,0,0
cnn witnessed first-hand results of israel's bulldozing of graveyards in gaza_treetagger_output.txt,RfFEkxvAhiE,20240119,557,1,1,6,0,2,0,0,0,0,6,1,0,0,4,0,0,0,0,0,0,0,1,0,0,0,0,0,0,0,0,0,0,0,0,0,0,0,0,0,0,0,1,0,0,0,0,0,1,0,0,0,0,1,0,0,0,0,0,0,0,0,0,0,0,0,0,0,0,0,0
conditions at gaza hospital deteriorate amid israel’s military operation_treetagger_output.txt,XMrnz6G1j1M,20231117,1693,1,10,21,17,1,2,0,0,1,2,3,1,0,5,2,0,0,0,23,4,0,0,2,0,7,0,2,0,0,0,0,0,0,2,1,0,0,0,0,0,2,0,0,0,0,0,0,0,1,0,2,0,1,0,0,0,2,1,1,4,0,0,0,0,0,0,0,0,0,0
cousin of hostage killed by hamas netanyahu's decisions made it impossible for hostages to return_treetagger_output.txt,rLMDQSzUzRM,20240902,1621,0,7,2,6,3,18,0,1,0,0,0,0,0,6,0,4,0,5,0,0,4,0,1,0,0,0,0,2,0,1,2,0,0,0,0,0,0,0,0,7,3,0,2,0,0,0,0,0,1,0,11,0,0,0,0,0,0,0,1,0,0,0,0,0,0,0,0,0,0,0
dad wants the world to hear this chilling call of his daughter being kidnapped_treetagger_output.txt,zW76wr0SA3E,20231019,474,0,1,1,4,0,3,0,0,0,0,0,0,0,4,0,0,0,0,0,2,0,0,1,0,0,0,0,0,0,0,0,0,0,0,2,0,0,0,0,0,1,0,0,0,0,0,0,0,1,0,0,0,0,0,0,0,0,0,0,0,0,0,0,0,0,0,0,0,0,0
deadly strike in golan heights raises fears of major escalation_treetagger_output.txt,SeDri9zeCgc,20240728,1816,0,5,0,0,8,0,2,0,0,6,0,0,0,10,0,0,0,1,0,10,4,5,2,8,1,5,0,0,0,0,1,0,0,0,0,0,0,0,0,0,0,0,0,0,0,0,0,0,0,2,0,0,0,0,0,3,0,0,1,0,0,0,0,0,0,0,0,0,0,0
dramatic video shows rockets fired into gaza_treetagger_output.txt,UWl2BivEwnM,20231102,1890,0,6,31,14,0,0,0,0,0,3,0,1,0,9,0,0,0,0,0,0,0,0,1,0,1,0,0,0,0,0,0,0,0,0,0,0,0,0,0,0,0,0,0,0,0,0,0,0,0,3,2,0,0,0,0,0,0,0,2,7,0,0,0,0,0,0,0,0,0,0
drone footage of war-torn gaza shows immense destruction_treetagger_output.txt,g2Ntxk_ZQTg,20231013,407,0,1,8,0,0,0,0,0,0,0,0,0,3,0,2,0,0,0,1,1,0,0,0,0,2,0,0,0,0,1,0,0,0,1,0,0,4,0,0,0,0,0,0,0,0,0,0,0,0,0,1,0,0,0,0,0,1,1,0,0,0,1,0,0,0,0,0,0,0,0
ex-cia director weighs in on the use of drones to locate hostages held by hamas_treetagger_output.txt,fRkHKa3I5bg,20231103,954,0,9,3,11,4,8,2,0,1,2,1,1,1,2,5,1,0,3,0,0,3,0,0,4,0,0,0,0,0,0,1,1,0,1,0,0,0,1,0,0,0,0,0,0,0,0,0,0,0,0,0,0,0,3,1,0,0,0,0,1,0,0,0,0,0,0,0,0,0,0
ex-federal official explains why she resigned over us approach to gaza_treetagger_output.txt,Zv4Aciot4E0,20240329,1088,4,9,8,5,5,2,0,0,4,6,0,0,0,4,1,1,0,0,0,0,1,0,1,0,3,1,2,0,0,0,2,2,0,0,0,0,0,0,0,0,0,0,0,0,0,0,1,0,0,1,0,0,0,3,0,0,0,0,2,0,0,1,0,0,0,0,0,0,0,0
ex-us defense secy_treetagger_output.txt,,,957,0,11,3,4,4,0,2,0,1,4,0,1,0,6,1,0,0,3,0,0,0,0,1,12,0,1,0,0,0,0,0,0,0,0,0,0,0,0,0,0,0,0,0,0,0,0,0,0,0,0,0,0,0,0,0,1,0,0,2,7,0,0,0,0,0,0,0,0,0,0
exclusive cnn meets israeli troops as tensions rise on lebanon border_treetagger_output.txt,71K-V7Du_FE,20231016,1689,0,26,14,5,7,2,2,0,2,2,0,1,0,9,2,0,0,0,0,1,2,0,1,8,3,6,1,0,0,3,1,1,0,0,1,0,0,0,0,1,1,0,0,0,0,0,0,0,0,0,0,0,1,0,0,0,0,1,0,1,0,0,0,0,0,0,0,0,0,0
exclusive icc prosecutor seeks arrest warrants against sinwar and netanyahu for war crimes_treetagger_output.txt,6BquEw4kNNE,20240520,4563,7,25,15,14,10,4,0,7,11,6,0,0,0,5,7,0,0,9,1,5,10,0,4,0,2,0,0,1,0,1,5,1,15,4,8,3,0,1,0,1,1,0,0,1,0,0,1,0,1,0,0,0,1,3,0,0,2,2,3,1,0,1,0,0,0,0,0,0,0,0
explosion heard in hezbollah stronghold in beirut_treetagger_output.txt,ErMsMa37UPk,20240730,1631,0,12,1,2,2,0,2,0,0,4,0,1,0,11,0,0,0,0,0,5,1,10,3,14,2,7,1,0,0,0,0,0,0,0,0,0,0,0,0,0,0,0,0,0,0,0,1,0,0,2,0,0,0,0,0,5,0,0,1,5,0,0,0,0,0,0,0,0,0,0
explosion interrupts live gaza interview_treetagger_output.txt,SvpifAzCMCI,20231012,1244,0,3,12,0,0,0,0,0,0,1,0,1,1,3,2,2,0,0,0,0,0,0,1,0,1,0,0,0,0,0,3,0,0,2,4,4,2,0,0,1,0,0,0,0,0,0,0,0,2,1,1,0,0,0,0,0,1,3,0,0,0,0,0,0,0,0,0,0,0,0
explosions go off during interview with american doctor trapped in gaza_treetagger_output.txt,V5AxIqP6OJM,20231010,451,0,2,2,3,0,0,0,0,0,0,0,2,2,2,0,0,0,1,0,1,1,0,0,0,0,0,0,0,0,1,0,0,0,0,0,0,0,0,0,0,0,1,0,0,0,0,0,0,0,0,0,0,0,0,0,0,0,0,0,1,0,0,0,0,0,0,0,0,0,0
family members of hamas hostages storm into israeli parliament_treetagger_output.txt,oj2fBUVFnUU,20240131,467,0,3,2,0,1,3,0,0,0,0,0,0,0,1,0,0,0,0,0,2,0,0,0,0,0,0,0,0,0,0,0,0,0,0,0,0,0,0,0,2,1,0,0,0,0,0,0,0,0,0,0,0,0,0,0,0,0,0,0,0,0,0,0,0,0,0,0,0,0,0
family members of hostages held in gaza desperate to be reunited_treetagger_output.txt,gX7tBAfy8XE,20231105,892,0,0,2,5,1,3,0,0,0,0,0,0,0,1,0,2,0,0,0,0,1,0,1,0,0,0,0,1,0,0,0,1,0,0,0,0,0,1,0,7,3,0,0,0,0,0,0,0,0,0,0,0,0,0,0,0,0,0,0,0,0,0,0,0,0,0,0,0,0,0
fareed shares what the 'severest setback' would be for hamas now_treetagger_output.txt,GI0810gD6Eg,20231016,793,0,12,3,11,5,0,6,0,0,1,1,0,6,4,1,0,0,5,0,0,1,2,1,3,1,0,1,1,0,1,0,0,0,0,0,0,0,1,0,0,0,0,0,0,0,0,0,0,0,1,0,0,0,0,0,0,0,0,1,0,0,0,0,0,0,0,0,0,0,0
fareed zakaria does anyone believe in free speech anymore_treetagger_output.txt,0Gw8OFkD_iE,20231113,911,0,4,1,6,2,0,0,1,0,1,0,0,1,1,0,0,0,0,0,0,0,2,0,0,0,0,3,0,0,0,5,0,1,0,0,0,0,0,0,0,0,0,0,0,0,0,0,0,0,0,0,0,0,1,0,0,0,0,0,0,0,0,0,0,0,0,0,0,0,0
fareed's take the scope of the israel-hamas war is widening_treetagger_output.txt,QT5-gNOUhCQ,20240226,856,0,4,2,1,6,0,0,0,0,2,0,1,1,2,0,0,0,2,0,0,1,1,1,3,0,1,0,0,0,0,0,0,0,0,0,0,0,0,0,0,0,0,0,0,0,0,0,0,0,0,0,0,0,0,0,0,0,1,0,1,0,0,0,0,0,0,0,0,0,0
father of 8-year-old girl believed to be taken by hamas describes relentless search for daughter_treetagger_output.txt,_zbjTW0J1LQ,20231115,1153,0,1,6,5,1,4,0,0,0,0,0,0,0,0,0,0,0,1,0,4,1,0,1,0,0,0,0,0,0,0,5,2,0,0,1,0,0,0,0,1,1,0,0,0,0,0,0,0,0,0,2,0,0,0,0,0,0,0,0,0,0,0,0,0,0,0,0,0,0,0
father of 9-year-old hostage reveals what daughter told him after her release_treetagger_output.txt,k808GLtoVck,20231128,1014,0,1,2,3,0,4,0,0,0,0,0,0,0,0,0,0,0,0,1,1,0,0,5,0,0,0,0,0,0,0,0,0,0,0,0,0,3,0,0,4,1,0,0,0,0,0,0,0,0,0,0,0,0,0,0,0,0,0,0,0,0,0,0,0,0,0,0,0,0,0
"flags burned, monuments graffitied and us flags replaced with palestinian ones by protesters_treetagger_output.txt",jJkdgDneBho,20240724,1994,0,7,8,2,1,5,5,0,1,0,1,3,3,4,1,0,0,7,0,0,9,0,1,1,1,0,0,0,0,0,1,1,0,0,0,0,0,0,0,0,0,0,0,0,0,0,0,1,0,0,0,0,0,0,0,0,0,1,1,2,0,0,0,0,0,0,0,0,0,0
former defense secretary discusses the role the us plays in middle east tensions_treetagger_output.txt,wSbnaKBRTqM,20240809,1394,0,22,5,3,9,2,9,0,1,4,0,0,0,2,4,0,0,8,0,0,3,4,2,5,1,1,0,0,0,2,0,3,0,0,0,0,0,4,0,0,1,0,0,0,0,0,0,0,0,0,0,0,0,0,0,1,0,0,0,0,0,0,0,0,0,0,0,0,0,0
former idf soldier believes israel is making 'a catastrophic mistake' in gaza_treetagger_output.txt,xliqJ6pxx08,20231107,1767,0,6,4,21,3,0,0,0,0,6,1,2,14,10,0,0,0,0,0,0,2,1,3,0,8,0,4,0,0,0,0,0,0,1,1,0,0,1,0,3,0,0,0,0,0,0,2,0,0,1,0,0,4,3,0,0,1,0,2,0,0,0,0,0,0,0,0,0,0,0
former us general says it will be 'exceedingly difficult' to destroy hamas_treetagger_output.txt,HnlI0ToSnro,20231022,896,0,3,4,7,2,1,0,0,0,2,1,1,2,0,1,0,0,0,0,0,0,1,0,4,1,0,0,0,0,0,1,0,0,0,0,0,0,0,3,0,0,0,0,3,0,0,0,0,0,1,0,0,0,1,0,0,0,0,1,1,0,0,0,0,0,0,0,0,0,0
freed israeli mother asked what she feared most in captivity_treetagger_output.txt,,,931,0,4,2,7,1,6,0,0,0,0,0,0,0,0,0,0,0,0,5,5,0,0,0,0,0,0,0,0,0,0,0,0,0,0,1,0,0,0,0,3,0,0,0,0,0,0,0,0,0,0,0,0,0,1,0,0,0,0,0,0,0,0,0,0,0,0,0,0,0,0
"gaza needs 640,000 polio vaccines_treetagger_output.txt",,,1110,0,2,9,1,3,0,0,0,0,0,0,0,1,0,2,1,0,0,1,8,0,0,0,0,0,0,0,0,0,0,0,0,0,0,0,0,3,0,0,0,0,0,0,0,0,0,0,0,0,0,0,0,0,0,0,0,0,1,0,0,0,1,0,0,0,0,0,0,0,0
gaza's only power station runs out of fuel_treetagger_output.txt,0evi5X6jK4E,20231011,1212,0,9,20,7,1,0,0,0,0,0,0,1,1,4,3,0,0,0,0,0,1,1,1,0,5,0,0,0,0,1,0,0,0,2,2,1,0,0,0,0,0,0,0,0,0,0,0,0,1,0,1,0,0,0,0,0,5,0,0,2,0,0,0,0,0,0,0,0,0,0
gaza's second largest hospital collapses under israeli bombardment_treetagger_output.txt,Xyxjo2z9W50,20231113,470,0,0,0,0,0,0,0,0,0,0,0,0,0,0,0,0,0,0,0,0,0,0,0,0,0,0,0,0,0,0,0,0,0,0,0,0,0,0,0,0,0,0,0,0,0,0,0,0,0,0,0,0,0,0,0,0,0,0,0,0,0,0,0,0,0,0,0,0,0,0
graphic video shows scale of devastation in rafah_treetagger_output.txt,Re0m_Zdhc-Q,20240527,357,0,0,0,0,0,0,0,0,0,0,0,0,0,0,0,0,0,0,0,0,0,0,0,0,0,0,0,0,0,0,0,1,0,0,0,0,0,0,0,0,0,0,0,0,0,0,0,0,0,0,0,0,0,0,0,0,0,0,0,0,0,0,0,0,0,0,0,0,0,0
gunfire breaks out at key gaza crossing for aid trucks_treetagger_output.txt,pl1Qj7ev3t0,20231224,1740,0,8,16,3,2,0,4,0,4,4,1,5,1,5,1,0,0,0,0,0,0,7,0,1,0,0,0,0,0,1,1,1,0,1,2,0,0,0,0,0,0,0,0,0,0,0,0,0,0,0,0,0,1,0,0,1,0,2,0,2,0,0,0,0,0,0,0,0,0,0
hamas announces yahya sinwar as head of political bureau_treetagger_output.txt,MWCj5pErbl0,20240806,1846,0,12,10,18,3,0,8,0,0,6,0,3,0,2,0,2,0,1,0,0,0,9,2,11,1,1,0,1,0,0,0,0,0,0,0,0,0,7,0,0,1,0,0,0,0,0,0,0,0,1,0,0,0,0,0,1,0,0,1,0,0,0,0,0,0,0,0,0,0,0
hamas attack survivor details escape from terrorists_treetagger_output.txt,uwqXAoZzVyw,20231129,780,0,0,0,0,0,0,0,0,0,1,0,0,0,0,0,0,0,0,0,0,0,0,1,0,0,0,0,1,0,0,0,0,0,0,0,0,0,0,0,1,0,0,0,0,0,0,0,0,0,0,1,0,0,0,0,0,0,0,0,0,0,0,0,0,0,0,0,0,0,0
hamas fires hundreds of rockets at israeli city_treetagger_output.txt,aQIWFW0RUUE,20231010,1363,0,3,11,9,0,0,0,0,0,0,0,0,0,3,0,0,0,0,0,0,0,0,0,0,0,0,0,0,0,0,0,0,0,0,0,0,0,0,0,0,0,0,0,0,0,0,0,0,0,0,0,0,0,0,0,0,0,0,0,0,0,0,0,0,0,0,0,0,0,0
"hamas leader was killed by explosive device planted months before explosion, source says_treetagger_output.txt",12_YTNLq3NY,20240801,1276,0,10,0,5,1,0,7,0,0,1,0,3,0,4,0,0,0,0,0,0,0,1,4,2,0,0,0,0,0,0,0,0,0,0,0,0,0,0,0,0,0,0,0,2,0,0,0,0,0,0,0,0,0,3,0,0,0,0,0,0,0,0,0,0,0,0,0,0,0,0
hamas militant's bodycam shows how attacks on israel began_treetagger_output.txt,nDn10nDnk_k,20231116,1142,0,0,0,0,0,0,0,0,0,0,0,0,0,0,0,0,0,0,0,0,0,0,0,0,0,0,0,0,0,0,0,0,0,0,0,0,0,0,0,0,0,0,0,0,0,0,0,0,0,0,0,0,0,0,0,0,0,0,0,8,0,0,0,0,0,0,0,0,0,0
"hamas offered ‘extraordinarily generous’ ceasefire proposal, blinken says_treetagger_output.txt",hkKjdA2itXk,20240429,1627,0,11,12,10,2,4,0,0,0,1,1,0,2,4,1,0,0,1,0,0,3,0,0,0,1,0,0,0,0,0,2,3,0,0,0,0,0,0,0,0,2,0,0,0,0,0,0,0,0,0,0,1,0,0,1,0,0,0,0,0,0,0,0,0,0,0,0,0,0,0
hamas official reveals intent behind assault on israel on russian tv_treetagger_output.txt,kufj_iN41Gc,20231012,410,0,5,1,9,0,3,1,0,0,0,1,0,0,4,0,0,0,0,0,0,0,2,1,0,1,0,0,1,0,0,0,0,0,0,0,0,0,0,0,0,0,0,0,0,0,0,0,0,0,0,1,0,0,0,1,0,0,0,0,0,0,0,0,0,0,0,0,0,0,0
"hamas political leader ismail haniyeh killed in tehran, hamas and iranian media say_treetagger_output.txt",XTO1PUkVkvo,20240731,13,0,0,0,1,0,0,0,0,0,0,0,0,0,0,0,0,0,0,0,0,0,0,0,0,0,0,0,0,0,0,0,0,0,0,0,0,0,0,0,0,0,0,0,0,0,0,0,0,0,0,0,0,0,0,0,0,0,0,0,0,0,0,0,0,0,0,0,0,0,0
hamas propaganda video shows guerrilla warfare tactics_treetagger_output.txt,0W57OwQkaEg,20231110,1502,0,1,14,7,1,1,0,0,1,5,0,0,2,12,1,0,0,1,0,0,2,0,0,0,2,0,0,0,0,0,0,0,0,2,5,0,0,0,0,5,0,2,0,0,0,0,0,0,0,0,0,0,0,0,0,0,1,2,0,3,0,1,0,0,0,0,0,0,0,0
hamas releases first video of a hostage taken to gaza_treetagger_output.txt,AlLZ07tIOxU,20231017,1309,0,7,6,10,3,6,0,0,0,0,0,0,0,1,0,0,0,0,0,2,0,2,0,0,0,0,0,1,0,0,0,0,0,2,0,0,0,1,0,2,2,0,0,0,0,0,0,0,0,0,0,0,0,1,5,0,0,0,1,0,0,0,0,0,0,0,0,0,0,0
hamas says it has agreed to ceasefire proposal from egypt and qatar_treetagger_output.txt,2fgF6OBxURA,20240506,1521,0,7,5,16,3,7,0,0,0,2,1,2,2,8,0,9,4,1,0,0,5,0,0,0,1,0,0,0,0,2,0,2,0,0,0,0,0,3,0,0,1,0,0,0,0,0,0,0,0,0,0,0,1,0,2,0,0,0,0,0,0,0,0,0,0,0,0,0,0,0
"hamas will pay ‘the way the nazis paid in europe,' says former idf intel chief_treetagger_output.txt",2UoGKEuW7jI,20231011,1106,0,10,9,13,6,0,1,0,0,6,0,0,0,3,0,0,0,0,0,1,2,2,3,1,0,0,0,1,0,0,0,1,0,0,0,0,0,0,0,0,0,0,0,0,0,0,0,0,0,0,0,0,1,0,0,0,0,0,0,3,0,0,0,0,0,0,0,0,0,0
hamas-controlled health ministry says at least 250 killed in gaza in 24 hours_treetagger_output.txt,PC6mg0R5fSY,20231225,1534,0,14,13,14,6,5,0,0,0,5,0,2,1,8,0,0,0,5,0,0,5,0,3,0,4,0,0,0,0,0,3,2,0,0,0,0,1,0,0,0,0,1,0,0,0,0,1,0,0,0,2,0,4,0,0,0,0,0,0,5,0,0,0,0,0,0,0,0,0,0
he quit the state department over us support for israel_treetagger_output.txt,,,1865,0,28,10,5,5,0,0,1,2,3,1,0,4,8,0,0,0,1,0,3,0,0,1,0,0,0,1,0,0,1,6,2,0,0,0,0,0,0,0,0,1,0,1,0,0,0,1,0,4,0,1,0,0,4,0,0,0,0,1,1,0,0,0,0,0,0,0,0,0,0
hear from american doctor finally out of gaza_treetagger_output.txt,4wJDe40On2k,20231103,836,0,0,4,0,0,0,0,0,2,0,0,0,1,0,0,0,0,0,0,3,0,0,0,0,0,0,0,0,0,0,1,0,0,6,6,0,1,0,0,1,0,0,0,0,0,0,0,0,2,0,0,0,0,0,0,0,0,0,0,0,0,0,0,0,0,0,0,0,0,0
"hear from father who thought daughter was killed in hamas attack, and now told she may be alive_treetagger_output.txt",fMBIHdNqG_c,20231107,793,0,0,3,3,0,1,0,0,0,0,0,0,0,2,0,0,0,0,0,0,0,2,2,0,0,0,0,0,0,0,1,0,0,0,0,0,0,0,0,2,3,0,0,0,0,0,0,0,0,0,5,0,0,0,0,0,0,0,0,0,0,0,0,0,0,0,0,0,0,0
hear israeli president's apology to family of killed hostage hersh goldberg-polin at his funeral_treetagger_output.txt,WOU0UAsJvE4,20240902,1388,0,6,0,3,0,8,1,0,0,2,0,1,0,2,1,0,0,5,0,0,3,2,1,0,0,0,0,2,0,0,1,3,0,0,0,0,0,1,0,7,2,0,0,0,0,0,0,1,0,0,1,0,0,2,0,0,0,0,0,0,0,0,0,0,0,0,0,0,0,0
hear jayapal's response after bash says some have been silent about hamas' use of sexual violence_treetagger_output.txt,1-CC53G5asI,20231203,1790,0,14,12,21,12,5,0,0,2,2,5,1,1,6,6,0,0,0,3,1,0,1,3,0,5,0,3,0,0,0,2,6,0,0,0,0,0,1,0,0,1,1,0,0,0,0,0,0,0,1,1,0,1,1,0,0,0,0,0,0,0,0,0,0,0,0,0,0,0,0
hear the strong message rep_treetagger_output.txt,,,1194,0,0,1,2,3,6,0,0,0,0,0,0,0,2,0,1,0,1,0,0,1,1,0,0,0,0,0,0,0,0,0,3,2,0,0,0,0,0,0,5,1,0,0,0,0,0,0,0,0,0,0,0,0,0,0,0,0,0,0,0,0,0,0,0,0,0,0,0,0,0
hear what a retired us colonel thinks hamas will do during truce_treetagger_output.txt,y5VpAKb0t1E,20231124,1369,0,5,6,17,2,2,0,0,0,3,0,3,0,3,0,0,0,0,0,1,1,0,0,0,0,0,0,0,0,0,2,0,0,0,0,0,1,0,0,0,3,0,0,0,0,0,0,0,0,0,0,0,0,0,2,0,0,0,0,0,0,0,0,0,0,0,0,0,0,0
hear what bernie sanders thinks about israel's response to hamas attack_treetagger_output.txt,GFYRmADgT1Q,20231105,1779,2,20,2,12,0,0,0,1,1,3,2,1,5,1,5,0,0,2,0,6,0,2,1,0,3,0,2,0,0,0,3,3,0,2,2,0,1,0,0,2,0,0,0,0,0,0,0,1,0,0,0,0,0,0,0,0,1,0,0,0,0,0,0,0,0,0,0,0,0,0
hear what college students think about biden amid israel-hamas war_treetagger_output.txt,0pD3Ww6P8jc,20231121,1589,2,7,1,6,3,0,0,1,0,0,0,0,2,4,1,0,0,0,0,1,1,0,1,0,0,0,0,0,0,0,3,15,1,0,0,0,0,0,0,0,0,0,0,0,0,0,0,4,0,0,0,0,0,0,0,0,0,0,1,0,0,0,0,0,0,0,0,0,0,0
hear what families of hamas' remaining hostages said about palestinian civilian deaths_treetagger_output.txt,GXU2TMpuluA,20231129,2204,0,3,4,13,0,12,0,0,0,1,1,0,1,4,2,0,0,1,0,4,0,0,4,0,2,0,1,0,0,1,2,3,0,0,0,0,0,0,0,9,11,0,1,0,0,0,0,0,0,0,0,0,1,1,0,0,0,0,0,5,0,0,0,0,0,0,0,0,0,0
hear what queen rania of jordan said about hamas and the 'root cause' of the conflict_treetagger_output.txt,ctAqSH8rOWE,20231106,571,0,7,6,5,2,1,0,0,0,0,0,1,0,0,2,1,0,0,0,0,0,1,0,0,4,0,0,0,0,0,0,0,0,0,0,0,0,0,0,0,0,1,0,0,0,0,0,0,0,0,2,0,0,4,0,0,0,0,3,0,0,0,0,0,0,0,0,0,0,0
hear what the israeli ambassador to the us says about plans for gaza after war_treetagger_output.txt,gTgMZmSdkHY,20231015,910,0,6,8,17,11,5,0,0,0,1,3,1,1,4,1,0,0,0,0,0,1,2,1,0,3,0,2,1,0,0,0,0,0,0,0,0,0,0,0,0,1,0,0,1,0,0,0,0,0,0,0,0,0,2,1,0,0,0,0,0,0,0,0,0,0,0,0,0,0,0
hear what un official told amanpour about the reality in gaza_treetagger_output.txt,mQopuWAIons,20231103,1524,0,0,25,7,3,0,0,0,0,1,1,1,1,3,4,0,0,0,0,2,1,0,3,0,2,0,0,0,0,0,1,0,0,2,4,0,1,0,0,0,0,0,0,0,0,0,0,0,0,0,1,0,0,0,0,0,10,0,4,0,0,0,0,0,0,0,0,0,0,0
hear what vp harris says she told israel's netanyahu_treetagger_output.txt,D7eNeon9vKU,20240725,1609,0,12,9,4,7,4,2,0,0,1,2,0,3,2,2,3,0,4,0,1,3,0,0,0,1,0,1,0,0,0,1,8,0,2,0,0,0,0,0,0,1,0,0,0,0,0,0,1,6,1,1,0,0,1,0,0,0,0,1,0,0,0,0,0,0,0,0,0,0,0
hear woman’s account of her capture by hamas and escape_treetagger_output.txt,dAUW_XftETg,20231024,1913,0,1,3,2,0,2,0,0,0,0,0,1,0,1,0,0,0,0,0,6,0,1,2,0,0,0,2,0,0,0,0,0,0,0,0,0,0,0,0,0,0,0,0,0,0,0,0,1,0,0,0,0,0,1,0,0,0,0,0,2,0,0,0,0,0,0,0,0,0,0
her daughter was killed by hamas on october 7th_treetagger_output.txt,,,1273,0,3,2,6,3,6,1,0,0,0,0,0,0,1,0,1,0,0,1,1,0,1,1,0,0,0,0,0,0,0,0,0,0,0,0,0,0,2,0,1,4,0,0,0,0,0,0,1,0,0,0,0,0,0,0,0,0,0,0,0,0,0,0,0,0,0,0,0,0,0
horrifying video shows the moments at the site of israel music festival_treetagger_output.txt,0upJacn86cA,20231014,378,0,0,0,0,0,0,0,0,0,0,0,0,0,0,0,0,0,0,0,0,0,0,0,0,0,0,0,0,0,0,0,0,0,0,0,0,0,0,0,0,0,0,0,0,0,0,0,0,0,0,0,0,0,0,0,0,0,0,0,0,0,0,0,0,0,0,0,0,0,0
hostilities escalate between israel and hezbollah_treetagger_output.txt,nbk4KgOaRic,20240305,919,0,0,0,0,0,0,0,0,0,0,0,0,0,0,0,0,0,0,0,0,0,0,0,0,0,0,0,0,0,0,0,0,0,0,0,0,0,0,0,0,0,0,0,0,0,0,0,0,0,0,0,0,0,0,0,0,0,0,0,1,0,0,0,0,0,0,0,0,0,0
house intel chair on why he thinks hamas released american hostages_treetagger_output.txt,KjA4Xz4bRU0,20231022,1589,0,14,9,15,0,12,2,0,6,0,4,2,2,2,2,0,0,0,1,0,0,1,0,0,2,0,7,0,0,0,2,2,0,0,0,0,1,2,0,0,1,0,0,1,0,0,0,0,0,0,0,0,0,0,0,0,0,0,0,0,0,0,0,0,0,0,0,0,0,0
house minority leader weighs in on funding for israel_treetagger_output.txt,QWIU3wf7bmI,20231101,675,0,0,0,0,0,0,0,0,0,0,0,0,0,0,0,0,0,0,0,0,0,0,0,0,0,0,0,0,0,0,0,0,0,0,0,0,0,0,0,0,0,0,0,0,0,0,0,0,0,0,0,0,0,0,0,0,0,0,0,0,0,0,0,0,0,0,0,0,0,0
how hamas is attempting to control the narrative_treetagger_output.txt,JCwNGCpjfrs,20231103,504,0,6,1,12,0,1,0,0,0,0,0,0,0,2,0,0,0,0,0,0,0,1,0,0,6,0,0,2,0,0,0,0,0,0,0,0,0,0,0,0,0,0,0,0,0,0,0,0,0,0,0,0,0,0,0,0,0,0,0,0,0,0,0,0,0,0,0,0,0,0
how hamas surpise attack on israel unfolded_treetagger_output.txt,hH8eMkO1CpA,20231009,248,0,0,0,0,0,0,0,0,0,0,0,0,0,0,0,0,0,0,0,0,0,0,0,0,0,0,0,0,0,0,0,0,0,0,0,0,0,0,0,0,0,0,0,0,0,0,0,0,0,0,0,0,0,0,0,0,0,0,0,1,0,0,0,0,0,0,0,0,0,0
how hamas trapped civilians at music festival_treetagger_output.txt,sScDHHNaHjI,20231014,1173,0,2,6,7,0,0,3,0,0,1,0,2,0,3,0,0,0,0,0,0,0,0,2,0,1,0,0,0,0,0,0,0,0,0,0,0,0,0,0,0,2,0,0,0,0,0,0,0,0,0,1,0,0,0,0,1,0,0,0,0,0,0,0,0,0,0,0,0,0,0
how hamas won and kept control in gaza_treetagger_output.txt,xTHV_9KHs8Q,20231010,1492,0,35,20,27,0,2,9,0,0,4,2,1,6,2,1,0,0,1,0,0,0,3,0,2,3,0,0,0,0,1,0,0,0,0,0,0,0,0,0,0,0,0,0,1,0,0,0,0,0,1,0,0,1,0,0,0,0,0,2,1,0,0,0,0,0,0,0,0,0,0
how israel is responding to hamas attacks with ‘siege’ on gaza_treetagger_output.txt,XCr6NkCZK9A,20231010,374,0,4,3,2,1,0,1,0,0,0,0,1,0,1,0,0,0,0,0,0,1,1,0,0,1,1,0,0,0,0,0,0,0,0,0,0,0,0,0,0,0,3,0,0,0,0,0,0,0,0,1,0,0,0,0,0,0,0,1,0,0,1,0,0,0,0,0,0,0,0
humanitarian worker describes why it's 'impossible' to evacuate northern gaza_treetagger_output.txt,lGXgCyZvBzo,20231022,1134,0,4,15,1,0,0,0,1,11,1,3,3,3,1,8,0,0,1,5,0,1,0,0,0,5,0,0,0,0,4,0,3,0,4,4,2,2,0,0,0,0,0,0,0,0,0,1,0,0,0,1,0,0,0,0,0,6,3,0,2,0,0,0,0,0,0,0,0,0,0
hundreds believed dead in gaza hospital blast_treetagger_output.txt,2ik5X1pVQYg,20231018,392,0,0,0,0,0,0,0,0,0,0,0,0,0,0,0,0,0,0,0,0,0,0,0,0,0,0,0,0,0,0,0,0,0,0,0,0,0,0,0,0,0,0,0,0,0,0,0,0,0,0,0,0,0,0,0,0,0,0,0,2,0,0,0,0,0,0,0,0,0,0
idf on alert amid reports of looming iranian attack against israel_treetagger_output.txt,LImFfgTRKnA,20240811,1713,0,12,0,6,3,1,15,0,0,7,0,2,0,5,0,0,0,3,0,0,0,7,1,6,1,1,0,0,0,0,0,2,0,0,1,0,0,0,0,0,1,0,0,0,0,0,0,0,0,1,0,0,0,0,2,2,1,1,0,0,0,0,0,0,0,0,0,0,0,0
idf says video shows hamas militant outside hospital with rpg launcher_treetagger_output.txt,TCqvBYBqC2Q,20231113,495,0,0,1,8,0,1,1,0,0,1,0,2,0,0,0,0,0,0,5,0,0,1,0,0,0,0,0,0,0,0,0,0,0,0,0,0,0,0,0,0,0,0,0,0,0,0,0,0,1,0,0,0,0,0,0,1,1,0,0,1,0,0,0,0,0,0,0,0,0,0
idf shows off alleged hamas tunnels and weapons factories_treetagger_output.txt,Rx7IARoX9Fg,20240109,754,0,2,16,8,7,0,0,0,0,9,0,0,1,10,1,0,0,0,0,2,0,0,2,0,6,0,0,1,0,0,0,0,0,0,0,0,1,0,0,0,0,0,0,0,0,0,1,0,0,2,1,0,0,0,0,0,0,0,2,1,0,0,0,0,0,0,0,0,0,0
idf spokesman says military working with officials to evacuate remaining hospital patients_treetagger_output.txt,p1S3BsnflMs,20231112,1800,0,3,7,16,2,6,0,0,0,12,3,0,0,5,3,0,0,0,17,1,0,0,3,0,8,0,0,0,0,0,0,2,0,0,0,0,1,1,0,0,0,0,0,0,0,0,0,0,0,1,0,0,0,3,0,0,0,0,4,6,0,0,0,0,0,0,0,0,0,0
idf spokesperson shares how hostages were found_treetagger_output.txt,99J4g9bwZAY,20240901,1649,0,8,3,11,0,18,0,0,0,0,0,0,1,6,0,1,0,1,0,0,1,0,3,0,1,0,3,3,0,0,0,2,0,0,0,0,0,0,0,1,4,0,0,0,0,0,0,0,0,0,0,0,1,0,0,0,0,0,2,5,0,0,0,0,0,0,0,0,0,0
idf spokesperson ‘we’ll do what’s needed’ to stop attacks_treetagger_output.txt,XkAVyXHFHEQ,20231010,1245,0,16,8,13,6,3,1,0,0,1,0,0,0,5,0,0,0,2,0,3,2,3,2,5,5,0,1,0,0,0,0,0,0,0,0,0,0,0,0,5,0,0,0,0,0,0,0,0,0,1,1,0,0,0,0,0,0,0,2,2,0,0,0,0,0,0,0,0,0,0
idf takes cnn to tunnel shaft near gaza hospital_treetagger_output.txt,,,1439,0,5,9,15,1,7,0,0,0,3,0,2,0,2,0,0,0,0,15,0,0,0,1,0,1,0,0,0,0,0,0,0,0,0,0,0,2,1,0,0,5,0,0,0,0,0,0,0,0,0,0,0,0,0,0,0,0,0,0,13,0,0,0,0,0,0,0,0,0,0
"in rare announcement, us says guided missile sub has arrived in middle east_treetagger_output.txt",WYOrk2tpKaQ,20231106,1222,0,12,18,10,5,0,4,0,0,3,2,0,0,4,0,0,0,1,0,2,1,2,1,0,5,0,0,0,0,0,0,1,0,0,0,0,1,0,0,0,0,0,0,0,0,0,1,0,0,1,1,0,0,0,0,0,0,0,2,3,0,0,0,0,0,0,0,0,0,0
inside the network of hamas tunnels under gaza_treetagger_output.txt,ndqjS_QYtU0,20231026,446,0,0,2,1,0,0,0,0,1,0,0,1,1,3,0,0,0,0,0,0,1,0,0,0,1,0,0,0,0,0,0,0,0,0,0,0,0,0,0,0,0,0,0,1,0,0,0,0,0,0,0,0,1,0,0,0,0,0,0,1,0,0,0,0,0,0,0,0,0,0
intense bombardment on gaza city picks up during on-air segment_treetagger_output.txt,,,1395,0,3,16,7,2,4,0,0,0,0,3,4,3,4,0,0,0,0,0,1,0,0,2,0,0,0,2,1,0,1,0,0,0,0,0,0,0,0,0,0,1,0,0,0,0,0,0,0,0,0,1,0,0,1,0,0,0,0,0,2,0,0,0,0,0,0,0,0,0,0
iran accuses israel of killing top commander in airstrike_treetagger_output.txt,UX-_To2fh50,20240401,1407,0,22,2,0,3,0,10,0,0,5,0,3,0,6,0,0,0,3,0,0,3,3,5,5,0,3,0,0,0,0,0,0,0,0,0,0,0,0,0,0,0,0,0,0,0,0,2,0,0,2,0,0,0,0,0,2,0,0,1,2,0,0,0,0,0,0,0,0,0,0
iran deploys naval destroyer to red sea_treetagger_output.txt,vta0CkM8xW8,20240102,1177,0,1,0,0,0,0,10,0,0,2,0,0,0,0,0,0,0,0,0,0,0,0,0,0,0,0,0,0,0,0,1,0,0,0,0,0,0,0,0,0,0,0,0,0,0,0,1,0,0,0,0,0,0,0,0,0,0,0,1,0,0,0,0,0,0,0,0,0,0,0
israel and hamas on brink of hostage deal_treetagger_output.txt,Cf6inrhxXGc,20231121,1519,0,8,5,7,4,18,0,0,0,1,0,0,3,4,0,0,0,6,0,5,2,1,2,0,1,0,0,0,0,1,0,2,1,0,0,0,0,2,0,2,7,0,0,0,0,0,0,1,0,0,0,0,0,0,2,0,0,0,1,0,0,0,0,0,0,0,0,0,0,0
israel conducts west bank raids amidst conflict with hamas_treetagger_output.txt,vtF_tHyPjdo,20231020,511,0,4,0,2,2,0,0,0,0,5,7,0,3,9,0,0,0,0,1,0,0,0,2,0,0,0,0,0,0,0,0,0,0,0,0,0,0,0,0,0,0,1,0,0,0,0,0,0,0,0,0,0,1,1,0,0,0,0,0,0,0,0,0,0,0,0,0,0,0,0
israel defense force general recounts what he saw after hamas attack_treetagger_output.txt,bYxGjMCTFdE,20231011,1531,0,6,12,15,4,0,0,0,0,3,0,0,0,6,0,0,0,0,0,3,1,3,3,0,6,2,2,0,0,0,0,0,0,0,0,0,0,0,0,1,0,0,0,1,0,0,0,0,0,2,1,0,2,1,0,0,1,0,5,4,0,0,0,0,0,0,0,0,0,0
israel expands ground operations to all of gaza as fears of wider conflict grow_treetagger_output.txt,LGYbyvZdLVw,20231204,906,0,7,7,3,2,0,6,0,0,3,1,2,0,3,0,0,0,0,0,0,0,4,1,5,2,5,0,0,0,0,0,0,0,0,0,1,0,1,0,0,1,0,0,0,0,0,0,0,0,0,0,0,0,0,0,1,0,0,0,1,0,0,0,0,0,0,0,0,0,0
israel forms emergency war cabinet_treetagger_output.txt,FD28jY6vkhs,20231011,999,0,7,6,2,7,1,0,0,0,0,2,3,0,2,0,0,0,5,0,0,8,1,0,0,0,0,0,1,0,0,0,0,0,0,0,1,0,1,0,0,0,0,0,0,0,0,0,0,0,0,0,0,0,0,0,0,2,0,0,1,0,0,0,0,0,0,0,0,0,0
israel hostage release deal delayed until friday_treetagger_output.txt,h70bJk13-KE,20231123,1239,0,2,4,11,0,11,0,0,0,0,0,0,2,7,1,0,0,0,0,6,0,0,1,0,2,0,1,0,0,0,0,1,0,0,0,0,0,5,0,4,2,0,0,0,0,0,0,0,0,0,0,0,2,1,1,0,0,0,0,0,0,0,0,0,0,0,0,0,0,0
israel launches large-scale west bank raid_treetagger_output.txt,ErHNtXvopWw,20240828,1396,0,4,8,7,3,0,2,0,0,11,2,0,4,23,0,1,0,0,0,0,3,1,4,0,1,1,3,4,0,0,0,0,0,0,0,1,3,5,0,0,1,3,0,3,0,0,0,0,0,1,1,0,0,0,0,4,0,0,1,1,0,0,0,0,0,0,0,0,0,0
israel rescues 52-year-old hostage held by hamas in gaza in ‘complex operation’_treetagger_output.txt,OmnQ8h7aVyE,20240827,1730,0,6,12,5,1,19,0,0,0,11,1,0,1,24,1,1,0,0,2,0,0,0,3,0,1,0,0,0,0,0,0,0,0,0,0,0,0,1,0,6,16,0,0,0,0,0,0,0,1,2,1,0,0,0,0,0,0,0,0,1,0,0,0,0,0,0,0,0,0,0
israel resumes combat operations against hamas_treetagger_output.txt,xNMsk3a5USo,20231201,1533,0,21,18,12,2,5,0,0,6,2,1,3,0,2,4,0,0,2,0,3,1,0,2,0,2,0,0,0,0,0,0,2,0,0,0,0,2,7,0,0,2,0,0,0,0,0,0,0,0,2,0,0,1,0,0,0,0,0,4,4,0,0,0,0,0,0,0,0,0,0
israel targets hezbollah chief in beirut strike_treetagger_output.txt,m-HUwFLX6bo,20240730,1801,0,14,2,1,1,0,0,0,0,4,0,2,0,9,0,0,0,1,0,4,2,8,6,11,3,4,0,0,0,0,0,0,0,0,0,0,0,0,0,0,0,0,0,0,0,0,1,0,0,3,0,0,0,0,0,5,0,0,2,2,0,0,0,0,0,0,0,0,0,0
israel warns 1_treetagger_output.txt,,,1470,0,8,26,15,1,2,0,0,0,1,0,2,1,4,3,0,0,0,0,0,0,2,1,0,1,2,2,0,0,1,0,0,0,1,1,0,0,0,0,0,2,0,0,0,0,0,0,0,0,1,0,0,0,1,1,0,1,1,1,5,0,0,0,0,0,0,0,0,0,0
"israel warns of possible ‘all-out war’ after hezbollah publishes video of military, civilian sites_treetagger_output.txt",n_LixBP0vXE,20240619,1411,0,9,1,1,1,1,1,0,0,3,0,4,1,11,1,1,0,9,0,0,5,0,0,13,0,2,0,0,0,0,1,6,0,0,0,0,0,0,0,0,1,0,0,0,0,0,1,0,0,0,0,0,0,0,0,0,0,0,1,0,0,0,0,0,0,0,0,0,0,0
israel's president hamas' 'passive-aggressive' approach is an attempt to drive israel 'crazy'_treetagger_output.txt,EBoxkeoi6IQ,20231126,1581,0,12,7,14,8,9,1,0,1,2,3,3,2,5,6,0,0,0,3,0,1,1,0,0,0,0,0,3,0,0,0,2,0,0,0,0,0,1,0,4,0,0,0,0,0,0,0,0,0,0,0,0,0,2,2,0,0,0,0,0,0,0,0,0,0,0,0,0,0,0
israel's supreme court strikes down controversial change to judiciary_treetagger_output.txt,tJe-YtQigkA,20240101,880,0,5,1,6,12,1,0,0,0,0,0,0,0,0,0,0,0,9,0,0,9,0,0,0,0,0,1,0,0,0,0,0,11,0,0,0,0,0,0,0,0,0,1,0,0,0,0,0,0,0,0,0,0,0,0,0,0,0,0,0,0,0,0,0,0,0,0,0,0,0
israeli defense minister warns of 'a long war'_treetagger_output.txt,s5H3HFGlGcg,20231016,1281,0,16,19,4,5,2,0,0,2,4,0,0,1,6,4,0,0,1,0,0,8,0,0,0,2,0,0,0,0,4,1,0,0,1,1,0,0,0,0,0,0,0,0,0,0,0,1,1,0,0,0,0,0,1,0,0,1,0,0,2,0,1,0,0,0,0,0,0,0,0
israeli father describes wife and daughters being taken by hamas as 'hell'_treetagger_output.txt,0oM8p96ZFNg,20231017,1372,0,0,2,1,0,1,0,0,0,0,0,0,0,0,0,0,0,0,0,1,0,1,1,0,0,0,0,0,0,0,0,0,0,2,0,0,0,0,0,3,0,0,0,0,0,0,0,0,0,0,0,0,0,0,0,0,0,0,0,0,0,0,0,0,0,0,0,0,0,0
israeli forces capture two hostages as strikes kill dozens of palestinians_treetagger_output.txt,4cb4puEKc1c,20240212,630,0,0,0,0,0,0,0,0,0,0,0,0,0,0,0,0,0,0,0,0,0,0,0,0,0,0,0,0,0,0,0,0,0,0,0,0,0,0,0,0,0,0,0,0,0,0,0,0,0,0,0,0,0,0,0,0,0,0,0,3,0,0,0,0,0,0,0,0,0,0
israeli forces prepare for potential ground operation_treetagger_output.txt,E4gzxOO-yQQ,20231011,522,0,6,6,6,0,0,0,0,0,4,0,0,0,8,0,0,0,0,0,0,0,1,1,0,0,0,0,0,0,0,0,0,0,1,0,0,0,0,0,0,0,0,0,0,0,0,0,0,0,0,0,0,0,0,0,0,0,1,0,2,0,0,0,0,0,0,0,0,0,0
israeli journalist says netanyahu is israel’s worst prime minister_treetagger_output.txt,m9pFYovnPcs,20240405,890,0,8,4,0,6,1,0,0,2,4,0,0,0,4,4,1,0,13,0,0,5,0,0,0,0,0,0,0,0,0,4,6,0,0,0,0,0,0,0,0,1,0,0,0,0,0,0,0,0,0,0,0,0,0,0,0,0,1,0,0,0,0,0,0,0,0,0,0,0,0
israeli man sees his home for first time since hamas killed his family_treetagger_output.txt,tmJf7cFKxik,20231024,774,0,3,4,3,1,2,0,0,0,0,0,0,0,2,0,0,0,0,0,1,0,3,2,0,0,0,0,0,0,0,1,0,0,0,0,0,0,0,0,2,0,0,0,0,0,0,0,0,0,0,1,0,0,0,0,0,0,0,0,1,0,0,0,0,0,0,0,0,0,0
israeli military accidentally shoots and kills 3 israelis held hostage in gaza_treetagger_output.txt,t_TG4x1SplA,20231215,1318,0,8,6,8,3,14,0,1,0,6,1,1,1,17,0,0,0,0,0,1,1,1,5,0,3,0,1,0,0,0,0,2,0,0,0,0,1,1,0,0,3,0,0,0,0,0,0,0,0,0,0,0,3,0,0,0,0,0,5,10,0,0,0,0,0,0,0,0,0,0
israeli military analyst the legitimization window is closing quickly the longer israel waits_treetagger_output.txt,qdqqtQV5cMA,20231023,1500,0,4,8,8,2,1,0,0,2,2,0,0,3,4,3,0,0,8,0,1,2,0,1,1,1,0,0,0,0,0,0,1,0,0,0,0,2,1,0,0,2,0,0,2,0,0,0,0,0,0,0,0,1,0,0,0,0,0,1,3,0,0,0,0,0,0,0,0,0,0
israeli military captures palestinian side of rafah crossing_treetagger_output.txt,SibQrYYWyiA,20240507,769,0,0,0,2,1,0,0,0,0,1,0,1,1,0,0,0,0,0,0,0,0,0,1,0,0,0,0,0,0,0,0,0,0,0,0,0,0,0,0,0,1,0,0,0,0,0,0,0,0,0,0,0,0,0,0,0,0,0,0,0,0,0,0,0,0,0,0,0,0,0
israeli military on high alert for potential imminent attack by iran_treetagger_output.txt,HfeTzGlFL6c,20240812,1725,0,8,3,4,3,0,12,0,0,3,0,0,0,4,0,1,0,0,0,0,2,16,0,4,0,0,0,0,0,0,1,1,0,0,0,0,0,1,0,0,2,0,0,0,0,0,0,0,0,0,0,0,0,0,0,0,0,0,0,0,0,0,0,0,0,0,0,0,0,0
israeli military searches for hamas leader after surrounding gaza home_treetagger_output.txt,ggKyOAypMdc,20231208,528,0,6,3,9,1,0,0,0,0,1,1,6,1,9,0,0,0,0,0,0,0,0,0,0,0,0,0,0,0,0,0,0,0,0,0,0,0,0,0,1,0,0,0,0,0,0,0,0,0,0,0,0,2,0,1,0,0,0,0,0,0,0,0,0,0,0,0,0,0,0
israeli military shells southern lebanon in response to explosion at security fence_treetagger_output.txt,WA_LUFCj5LQ,20231013,1293,0,10,8,0,2,0,1,0,0,4,0,4,0,3,0,0,0,0,0,0,0,0,0,8,0,11,0,0,0,2,0,0,0,0,0,0,0,0,0,0,0,0,0,0,0,0,0,0,0,0,0,0,1,0,0,0,0,0,0,0,0,0,0,0,0,0,0,0,0,0
israeli minister benny gantz resigns from netanyahu's war cabinet_treetagger_output.txt,Ur7pc-OqXXM,20240609,1575,0,12,9,5,7,7,0,0,0,3,0,0,2,8,0,0,0,9,0,3,8,0,0,1,1,1,0,0,0,0,1,4,0,0,0,0,1,2,0,0,3,1,0,0,0,0,1,0,0,2,1,0,0,0,0,0,0,0,1,0,0,0,0,0,0,0,0,0,0,0
israeli mother of missing son sends message to hamas_treetagger_output.txt,J5tFbJRdZAw,20231009,437,0,2,3,3,0,1,0,0,0,0,0,0,0,1,0,0,0,0,0,0,0,0,0,0,0,0,0,0,0,0,0,0,0,0,0,0,0,0,0,0,0,0,0,0,0,0,0,0,0,0,0,0,0,0,0,0,0,0,0,1,0,0,0,0,0,0,0,0,0,0
israeli parents describe how they found out their son was kidnapped by hamas_treetagger_output.txt,9Pra0XtrEPA,20231021,1311,0,0,0,5,0,2,0,0,0,0,0,0,0,0,0,0,0,0,0,1,0,0,1,0,0,0,0,0,0,0,0,0,0,0,0,0,0,0,0,5,2,0,0,0,0,0,0,0,0,0,0,0,0,0,0,0,0,0,0,1,0,0,0,0,0,0,0,0,0,0
"israeli settlers attack west bank village, drawing condemnation from top officials_treetagger_output.txt",YZESvtqhfqs,20240816,1481,0,13,6,3,0,1,5,0,0,1,0,1,2,12,2,0,0,0,0,0,6,3,1,4,0,1,1,0,0,2,1,0,0,0,0,0,0,0,0,0,1,0,0,0,0,0,0,0,0,0,0,1,0,0,0,0,0,0,0,3,0,1,0,0,0,0,0,0,0,0
israeli soldier records himself blowing up a mosque_treetagger_output.txt,1D3uQbiE8No,20240216,833,0,4,6,0,6,3,0,0,0,3,0,0,0,6,0,0,0,0,13,0,0,0,0,0,0,0,0,1,0,0,0,0,0,0,0,1,1,0,0,0,0,0,0,0,0,0,0,0,0,0,0,0,8,0,0,0,1,0,1,12,0,0,0,0,0,0,0,0,0,0
israeli spokesperson reveals what's needed to extend israel-hamas truce_treetagger_output.txt,8ucI0Zl1mpk,20231127,1524,0,6,9,17,1,12,0,0,0,3,0,0,0,13,1,0,0,0,0,8,1,0,0,0,1,0,2,0,0,0,0,2,0,0,0,0,0,0,0,1,1,0,0,0,0,0,0,0,2,0,0,0,0,3,0,0,0,0,0,1,0,0,0,0,0,0,0,0,0,0
israeli teen opens up about choosing jail over military service_treetagger_output.txt,fhzEDGmWJV4,20240402,1430,0,6,9,1,15,1,0,0,8,9,0,0,2,9,0,1,0,0,7,2,1,1,3,1,3,1,1,1,0,0,0,0,0,2,0,0,3,0,0,0,0,1,1,0,0,0,0,0,0,0,0,0,0,0,0,0,0,0,0,2,0,1,0,0,0,0,0,0,0,0
"israeli troops have carried out local raids in gaza, idf says_treetagger_output.txt",3PntaOSdyto,20231013,1575,0,7,13,7,0,10,0,0,0,6,0,3,0,8,2,0,0,0,0,2,2,0,1,0,0,0,1,0,0,0,0,0,0,0,0,0,0,0,0,0,4,0,0,0,0,0,1,0,0,1,0,0,2,0,0,0,0,0,0,8,0,0,0,0,0,0,0,0,0,0
israeli troops kill 8-year-old boy during raid of west bank refugee camp_treetagger_output.txt,SkEwZOBeU3w,20231130,1005,0,4,5,1,3,0,0,0,0,2,2,2,6,10,0,0,0,0,1,0,0,0,2,0,1,0,0,0,0,0,0,0,0,0,0,0,0,0,0,1,0,0,0,0,0,0,0,0,0,0,1,0,3,0,1,0,0,0,0,1,0,0,0,0,0,0,0,0,0,0
israeli whistleblowers detail abuse of palestinians in shadowy detention center_treetagger_output.txt,Rh83jIwZjyY,20240510,882,0,3,4,4,1,1,0,0,0,6,4,2,4,9,0,0,0,0,1,0,0,0,1,0,0,0,0,0,0,0,0,0,0,0,0,0,1,0,0,0,0,0,1,0,0,0,0,0,0,0,0,0,1,2,2,0,0,0,0,0,0,0,0,0,0,0,0,0,0,0
israel’s cabinet votes to approve hostage release deal_treetagger_output.txt,eJfzS5OzHxA,20231122,604,0,1,1,1,1,4,0,0,0,0,0,1,0,2,0,0,0,0,0,2,0,0,0,0,0,0,1,0,0,0,0,0,1,0,0,0,0,0,0,0,2,0,0,0,0,0,0,0,0,0,0,0,0,0,0,0,0,0,0,0,0,0,0,0,0,0,0,0,0,0
israel’s military amasses near gaza_treetagger_output.txt,2Z8fvTfQgUs,20231010,1085,0,4,7,12,1,7,0,0,0,5,0,1,1,5,0,0,0,1,0,0,1,3,0,0,3,0,0,0,0,0,0,0,0,0,0,0,0,0,0,0,1,0,0,0,0,0,0,0,0,1,0,0,0,0,0,0,0,0,0,1,0,0,0,0,0,0,0,0,0,0
"israel’s military tells 100,000 residents in eastern rafah to ‘evacuate immediately’_treetagger_output.txt",Dr-OKI2NEng,20240506,1535,0,16,7,2,0,0,0,0,1,5,2,0,2,4,2,1,0,2,0,2,3,0,0,0,7,0,0,0,0,0,2,4,0,1,1,0,0,2,0,0,1,0,0,0,0,0,0,0,0,1,0,0,0,0,0,0,0,0,1,4,0,4,0,0,0,0,0,0,0,0
jake sullivan clarifies us involvement in operation to rescue four israeli hostages_treetagger_output.txt,hRxrebQrR4o,20240609,1551,0,4,9,20,3,17,0,0,1,5,1,2,4,4,1,7,0,0,1,0,0,0,7,0,5,0,0,0,0,1,3,6,1,0,0,0,1,0,0,1,5,2,0,0,0,0,0,0,0,0,0,0,0,0,0,0,0,0,3,3,0,0,0,0,0,0,0,0,0,0
john bolton biden's red line on iran is disappearing_treetagger_output.txt,8IsuRY6leu4,20231106,1438,0,12,5,7,5,0,7,0,6,7,0,2,0,1,4,0,0,1,0,1,1,2,1,0,3,0,1,0,0,0,1,5,0,0,0,0,0,0,0,0,0,0,0,0,0,0,0,0,0,6,0,0,0,0,0,0,0,0,6,0,0,0,0,0,0,0,0,0,0,0
john bolton truce is a bad deal for israel_treetagger_output.txt,EKCtoGV4SmU,20231124,1229,0,19,3,15,2,4,0,0,0,3,0,3,1,6,0,0,0,0,0,0,2,0,0,2,1,0,0,0,0,0,0,2,0,0,0,0,0,0,0,0,0,0,0,0,0,0,0,0,0,0,0,0,0,1,0,0,0,0,0,0,0,0,0,0,0,0,0,0,0,0
jon stewart calls out us on gaza stance_treetagger_output.txt,,,976,0,2,2,0,0,0,0,0,0,0,0,0,0,0,0,1,0,0,0,0,0,0,0,0,0,0,0,0,0,0,0,5,0,0,0,0,0,0,0,0,0,0,1,0,0,0,0,0,0,0,0,0,0,0,0,0,0,0,0,0,0,0,0,0,0,0,0,0,0,0
jordan says ceasefire in gaza only way to prevent region from the 'abyss of war'_treetagger_output.txt,y-LXLMj8sRc,20240807,1374,0,7,4,5,5,0,12,1,0,1,0,0,0,1,0,1,0,2,0,0,3,0,0,1,0,0,0,0,0,1,0,0,0,0,0,0,0,1,0,0,0,0,0,1,0,0,0,0,0,0,0,0,0,0,0,5,0,0,0,0,0,0,0,0,0,0,0,0,0,0
lebanese militant groups and israel exchange fire across border_treetagger_output.txt,wG8UShiEHYo,20231019,875,0,8,1,2,6,0,1,0,0,4,0,0,0,5,0,0,0,0,0,0,1,0,0,9,0,8,0,0,0,0,0,0,0,0,0,0,0,0,0,0,0,0,0,0,0,0,0,0,0,0,0,1,0,0,0,1,0,0,0,1,0,0,0,0,0,0,0,0,0,0
man with loved ones in gaza shares heartbreaking reality behind family photo_treetagger_output.txt,Ejbl4AKhlj8,20231110,774,1,1,5,0,2,0,0,0,1,0,0,0,2,2,1,0,0,0,2,4,0,0,4,0,2,0,0,0,0,0,0,0,0,2,1,0,0,0,0,6,0,0,0,0,0,0,0,0,0,0,0,0,0,0,0,0,0,0,0,0,0,0,0,0,0,0,0,0,0,0
mike pence reacts to new polling about gop views of jan_treetagger_output.txt,,,1832,0,10,4,6,2,5,0,0,0,2,0,0,1,0,0,0,0,2,1,0,0,3,1,0,1,1,3,0,0,0,1,4,0,0,0,0,1,0,0,1,1,0,0,0,0,0,0,1,0,0,2,0,0,0,0,0,0,1,3,1,0,0,0,0,0,0,0,0,0,0
military analyst breaks down israeli evidence in gaza hospital blast_treetagger_output.txt,THV_OuzC9jM,20231019,1653,0,9,6,7,3,0,1,0,0,1,1,0,3,3,0,0,0,0,8,0,0,1,0,0,1,0,1,2,0,0,0,1,0,0,0,0,0,0,0,0,0,0,0,0,0,0,0,0,0,0,0,0,0,0,0,0,3,0,0,6,0,0,0,0,0,0,0,0,0,0
military analyst explosions may represent beginning of troop movement into gaza strip_treetagger_output.txt,wkep4n5zhA0,20231028,797,0,0,10,2,2,2,0,0,0,0,0,0,0,4,0,0,0,0,0,0,0,0,0,0,2,0,0,0,0,0,0,0,0,0,0,0,0,2,0,0,0,0,0,0,0,0,0,0,0,0,0,0,0,0,0,0,0,0,0,0,0,0,0,0,0,0,0,0,0,0
military analyst hamas is losing the second phase of their plan already_treetagger_output.txt,2FHmHpe2P6o,20231015,796,0,7,6,11,2,2,5,0,0,1,1,3,0,1,1,0,0,0,0,0,0,1,0,3,2,0,1,0,0,1,0,1,0,0,0,0,0,0,0,0,0,0,0,0,0,0,0,0,0,0,0,0,0,1,0,0,0,0,1,0,0,0,0,0,0,0,0,0,0,0
military analyst on what can and can't happen during pause in gaza fighting_treetagger_output.txt,lQ_Ex8gxt-k,20231122,1032,0,13,7,12,2,7,0,0,0,4,0,0,0,6,3,1,0,4,0,0,3,0,0,1,0,1,0,0,0,0,0,0,0,0,0,0,0,0,0,0,2,0,0,0,0,0,0,0,0,0,0,0,0,2,1,0,1,0,0,0,0,0,0,0,0,0,0,0,0,0
military expert shows on map where israeli forces will face challenges in gaza_treetagger_output.txt,Cy6vewZo3jY,20231010,813,0,12,6,5,5,1,0,0,0,3,0,0,0,1,0,0,0,0,0,0,0,2,0,5,0,1,0,0,0,0,0,0,0,0,0,0,0,0,0,0,0,0,0,0,0,0,0,0,0,3,0,0,0,0,0,0,0,0,2,1,0,0,0,0,0,0,0,0,0,0
mothers reunite with newborn babies evacuated from a gaza hospital_treetagger_output.txt,1pu4xNukFz8,20231207,552,0,1,5,2,3,0,0,0,0,0,0,0,0,1,0,0,0,0,4,0,0,0,0,0,0,0,0,0,0,1,0,0,0,0,0,0,0,0,0,0,0,0,0,0,0,0,0,0,0,0,0,0,0,0,0,0,0,0,0,0,0,0,0,0,0,0,0,0,0,0
multiple explosions in rafah after evacuation orders_treetagger_output.txt,,,464,0,3,2,2,0,0,0,0,0,0,0,0,1,0,0,0,0,0,0,0,0,0,0,0,1,0,0,0,0,1,0,0,0,1,0,0,0,0,0,0,0,0,0,0,0,0,0,0,0,1,0,0,0,0,0,0,0,0,0,0,0,0,0,0,0,0,0,0,0,0
"naked, handcuffed and blindfolded palestinian poet details time in israeli custody_treetagger_output.txt",Nju_fp_bCso,20231228,1912,0,8,18,11,5,0,0,0,0,0,2,0,6,9,0,0,1,0,0,8,0,2,3,0,1,0,0,2,0,1,0,1,0,0,0,0,0,0,0,1,0,0,0,0,0,0,0,0,0,0,1,0,2,0,0,0,0,0,1,8,0,0,0,0,0,0,0,0,0,0
"nearly half of israeli munitions dropped on gaza are ‘dumb bombs,’ us intelligence finds_treetagger_output.txt",v7xeZNcABHQ,20231214,1182,0,15,8,9,5,3,0,0,0,1,0,4,0,10,0,0,0,1,0,0,6,1,0,0,4,0,0,1,0,0,0,3,0,0,0,0,0,2,0,0,0,0,0,0,0,0,0,0,0,3,3,0,0,0,0,0,0,0,5,1,0,0,0,0,0,0,0,0,0,0
netanyahu adviser civilian casualty numbers from gaza should be taken 'with grain of salt'_treetagger_output.txt,QWYcX3zRbvg,20231016,1020,0,5,12,17,1,0,0,0,0,4,0,3,2,3,0,0,0,7,1,1,2,2,1,0,0,0,2,0,0,0,1,0,0,0,0,0,3,0,0,0,0,0,0,0,0,0,0,0,1,1,0,0,0,0,0,0,0,0,1,0,0,0,0,0,0,0,0,0,0,0
netanyahu shares 3 things to understand about the war_treetagger_output.txt,dBaQhSrsDYI,20231112,2375,0,16,11,25,7,17,0,0,1,1,1,0,6,5,2,0,0,3,9,8,3,2,3,0,9,0,2,2,0,0,4,0,0,0,0,0,0,0,0,0,5,0,0,0,0,0,0,0,0,3,0,0,0,0,0,0,0,1,9,0,0,0,0,0,0,0,0,0,0,0
netanyahu unveils plan for gaza’s future post-hamas_treetagger_output.txt,4bk68dV3rB8,20240223,1251,1,16,17,2,2,3,0,0,0,1,1,1,11,4,1,1,0,4,0,1,5,0,2,0,0,0,0,0,0,3,0,0,0,0,0,0,0,0,0,0,0,0,0,0,0,0,0,0,0,0,0,0,0,2,0,0,0,0,2,0,0,5,0,0,0,0,0,0,0,0
netanyahu's spokesperson says israel is defining 'gold standard of urban warfare' in gaza_treetagger_output.txt,zvhhevXbrZc,20231213,1321,0,13,6,11,4,5,0,0,0,6,0,1,5,3,0,0,0,6,0,0,5,0,1,0,5,0,0,0,0,0,1,2,0,0,2,0,0,0,0,1,0,0,0,0,0,0,0,0,1,0,0,0,1,1,0,0,0,0,6,8,0,0,0,0,0,0,0,0,0,0
new idf video appears to show hamas attempting to enter israel by sea_treetagger_output.txt,dPKox2abTik,20231026,376,0,3,3,4,0,0,0,0,0,1,0,1,1,2,0,0,0,1,0,0,0,0,0,0,0,0,0,0,0,0,0,0,0,0,0,0,0,0,0,0,0,0,0,0,0,0,0,0,0,0,0,0,0,0,0,0,0,0,0,0,0,0,0,0,0,0,0,0,0,0
nova music festival survivor reunites with man who saved her_treetagger_output.txt,jvqKs9TRKoE,20231221,691,0,3,1,1,0,0,0,0,0,0,0,0,0,1,0,0,0,0,0,0,0,0,2,0,1,0,2,0,0,0,0,0,0,0,0,0,0,0,0,0,0,0,0,0,0,0,0,1,0,0,0,0,0,1,0,0,0,0,0,0,0,0,0,0,0,0,0,0,0,0
nyt reporter says israel knew hamas's attack plan over a year ago_treetagger_output.txt,vu4Txxw9bOo,20231201,1609,0,11,3,24,5,0,1,0,0,6,0,0,1,18,0,0,0,8,0,0,4,8,0,1,0,0,0,0,0,0,0,1,0,0,0,0,0,0,0,0,0,0,0,0,0,0,0,0,0,0,2,1,0,0,0,0,0,0,0,0,0,0,0,0,0,0,0,0,0,0
"one day, israeli strikes will go 'too far,' expert tells amanpour_treetagger_output.txt",driPTM5SqUU,20240112,1478,0,10,1,5,10,1,6,0,0,0,2,3,6,5,1,0,0,0,0,0,4,0,0,12,0,7,0,0,0,0,1,0,0,0,0,0,0,0,0,0,0,0,0,1,0,0,1,0,0,0,0,0,0,0,0,4,0,0,0,0,0,0,0,0,0,0,0,0,0,0
palestinian american mourns 42 family members killed in a single day in gaza_treetagger_output.txt,4v6k0bINc34,20231104,524,0,2,5,2,0,0,0,0,0,0,2,0,1,1,0,1,0,0,0,1,0,0,1,0,0,0,0,1,0,0,1,0,0,0,0,0,0,0,0,13,0,0,0,1,0,0,0,0,0,0,0,0,0,0,0,0,0,0,0,0,0,0,0,0,0,0,0,0,0,0
palestinian men and boys describe abuse during detention by israeli forces_treetagger_output.txt,T8hM29eU2Gc,20231216,560,0,1,4,5,0,0,0,0,1,1,0,0,2,2,0,0,0,0,1,0,0,0,1,0,0,0,0,0,0,0,0,0,0,1,0,0,0,0,0,0,1,0,0,0,0,0,0,0,0,0,0,0,0,0,0,0,0,0,0,0,0,0,0,0,0,0,0,0,0,0
palestinian prime minister and government resign_treetagger_output.txt,8DadIzZa_M8,20240226,1566,0,5,11,3,3,2,0,0,1,2,4,1,12,17,1,0,0,2,2,0,5,1,7,0,1,0,1,1,0,0,1,1,0,0,0,0,1,0,0,5,1,1,0,0,0,0,0,0,0,0,2,1,1,1,2,0,0,0,0,3,0,0,0,0,0,0,0,0,0,0
palestinians are being shot while waving white flags_treetagger_output.txt,,,566,0,0,0,0,0,0,0,0,0,0,0,0,0,0,0,0,0,0,0,0,0,0,0,0,0,0,0,0,0,0,0,0,0,0,0,0,0,0,0,0,0,0,0,0,0,0,0,0,0,0,0,0,0,0,0,0,0,0,0,7,0,0,0,0,0,0,0,0,0,0
protesters walk out of jerry seinfeld's commencement speech_treetagger_output.txt,fIYS0H7J2SQ,20240513,1039,0,3,3,2,2,0,0,0,0,0,0,0,6,0,0,0,0,0,0,0,0,0,0,0,0,0,1,0,0,0,0,0,0,0,0,0,0,0,0,0,0,0,2,0,0,0,0,0,0,0,0,0,0,0,0,0,0,0,0,0,0,0,0,0,0,0,0,0,0,0
protests erupt near us embassy in lebanon amid gaza hospital blast_treetagger_output.txt,aKGBsmYXtFQ,20231018,1019,0,5,6,2,2,0,1,0,0,0,2,1,5,4,0,0,0,0,3,1,0,1,1,2,0,7,0,0,0,0,0,0,0,0,1,0,0,0,0,0,0,0,0,1,0,0,0,0,0,0,0,0,0,0,0,0,0,0,0,0,0,0,0,0,0,0,0,0,0,0
putin and xi refuse to condemn hamas attack on israel_treetagger_output.txt,Bvxi-BxPNFk,20231019,503,0,5,0,3,2,0,1,1,0,0,2,0,2,0,0,0,0,0,1,0,0,1,0,0,0,0,0,0,0,0,0,1,0,0,0,0,0,0,0,0,0,0,0,0,0,0,0,0,0,0,0,0,0,0,0,0,0,0,0,0,0,0,0,0,0,0,0,0,0,0
putin breaks silence on hamas attack on israel_treetagger_output.txt,a34zpFaoBoM,20231011,1170,0,16,3,16,4,0,10,0,0,1,2,5,0,4,0,0,0,1,0,0,2,9,3,3,0,0,0,0,0,0,4,1,0,0,0,0,0,0,0,0,0,0,0,0,0,0,0,0,0,0,1,0,1,0,0,0,0,0,0,2,0,0,0,0,0,0,0,0,0,0
putin seizes on israel-hamas war to rally against us_treetagger_output.txt,AZ3f0qxerKY,20231107,1124,0,13,6,10,7,3,0,1,1,1,1,0,2,1,1,0,0,1,0,0,2,1,1,0,0,0,0,2,0,0,0,0,0,0,0,0,0,0,0,0,0,0,0,0,0,0,0,0,0,0,0,0,1,0,0,0,0,0,3,1,0,0,0,0,0,0,0,0,0,0
qatar announces when israel-hamas truce will begin_treetagger_output.txt,cnzeS6Nb8z0,20231123,1664,0,3,6,8,3,16,0,0,0,1,1,0,1,4,0,0,0,2,0,3,2,0,0,0,1,0,0,0,0,0,1,0,0,0,0,0,0,0,0,1,3,0,0,0,0,0,0,0,0,0,0,0,0,0,1,0,0,0,1,3,0,0,0,0,0,0,0,0,0,0
queen rania there's a 'glaring double standard' in how world treats palestinians_treetagger_output.txt,OlOdM-qPCUI,20231024,1629,0,7,2,3,4,0,0,1,1,3,3,1,8,2,1,0,0,0,0,3,0,0,1,0,2,0,1,0,0,0,2,0,0,0,0,0,0,0,0,1,0,0,0,0,0,0,0,0,0,0,2,0,0,6,0,0,0,0,0,0,0,1,0,0,0,0,0,0,0,0
rabbi confronts president biden_treetagger_output.txt,ARPzwHM-6aY,20231102,945,0,5,14,7,3,4,0,0,3,1,0,0,0,0,2,0,0,0,0,1,0,0,0,0,2,0,1,0,0,1,0,4,0,0,0,0,0,0,0,0,0,2,0,0,0,0,0,0,0,2,0,0,0,1,2,0,0,0,3,2,0,0,0,0,0,0,0,0,0,0
retired colonel military buildup around gaza ‘reminiscent of a scene from d-day’_treetagger_output.txt,C5Rv6c3NP3s,20231014,1944,0,7,14,9,5,0,0,1,0,3,10,11,4,6,1,0,0,0,0,1,0,0,3,1,4,0,1,0,0,0,0,0,0,0,1,0,0,0,0,1,0,0,0,0,0,0,0,2,0,2,3,0,0,2,0,0,0,0,3,2,0,0,0,0,0,0,0,0,0,0
retired colonel on what we can expect israelis to do if truce ends_treetagger_output.txt,mAfHpIIPCCM,20231129,1855,0,6,18,6,0,11,0,0,4,3,0,3,2,8,2,0,0,0,0,3,1,0,2,0,1,0,0,0,0,0,0,1,0,1,0,0,1,2,0,0,1,0,0,0,0,0,1,0,0,1,0,0,1,0,2,0,0,0,6,0,0,0,0,0,0,0,0,0,0,0
retired colonel points out key difficulty israeli troops would face in gaza_treetagger_output.txt,C7ROkhm2c5E,20231012,976,0,2,12,1,0,2,0,0,0,1,0,0,0,7,0,0,0,0,0,0,0,0,0,0,1,0,0,1,0,0,0,0,0,0,0,0,0,0,0,0,0,1,0,0,0,0,0,0,0,0,0,0,0,0,0,0,0,0,1,1,0,0,0,0,0,0,0,0,0,0
retired colonel predicts israel’s next steps in war_treetagger_output.txt,y4Iv6W0dOhU,20231105,936,0,7,7,2,3,2,0,0,1,2,0,3,5,1,4,3,0,1,0,0,0,0,0,0,2,0,0,0,0,1,1,0,0,0,0,0,0,0,0,0,0,0,0,0,0,0,0,0,0,0,0,0,0,0,0,0,2,0,0,1,0,0,0,0,0,0,0,0,0,0
retired colonel says killing of hamas political leader in iran could result in ‘major escalation’_treetagger_output.txt,BRONWoEBwLg,20240731,309,0,0,0,0,0,0,0,0,0,0,0,0,0,0,0,0,0,0,0,0,0,0,0,0,0,0,0,1,0,0,0,0,0,0,0,0,0,0,0,0,0,0,0,0,0,0,0,0,0,0,0,0,0,0,0,0,0,0,0,0,0,0,0,0,0,0,0,0,0,0
retired colonel this is the best option to respond to the killing of us troops in drone strike_treetagger_output.txt,QkW0Xf3b3LQ,20240129,1447,0,1,1,4,2,1,6,0,0,3,0,3,1,3,1,0,0,0,0,0,0,3,2,1,0,0,0,0,0,0,0,1,0,0,0,0,0,1,1,0,2,0,0,0,0,0,0,0,0,1,0,0,1,0,0,2,0,1,0,1,0,0,0,0,0,0,0,0,0,0
retired general the issue with palestinians leaving gaza_treetagger_output.txt,JaVjqS6fbBI,20231012,608,0,1,3,8,0,3,0,0,1,0,1,1,4,2,1,0,0,0,0,0,0,0,1,0,2,0,0,1,0,1,1,0,0,1,0,0,0,0,0,0,2,0,0,0,0,0,0,0,0,0,0,0,0,0,0,0,0,0,0,0,0,0,0,0,0,0,0,0,0,0
retired idf general criticizes israeli military we failed to defend civilians_treetagger_output.txt,A2S4Vi4F348,20231013,1471,0,6,4,5,1,0,1,0,0,3,0,0,0,5,0,0,0,0,0,2,1,1,1,0,2,0,0,0,0,0,0,0,0,0,0,0,0,0,0,0,0,0,0,0,0,0,0,0,0,0,0,0,2,4,0,0,0,0,0,1,0,0,0,0,0,0,0,0,0,0
ret_treetagger_output.txt,,,1530,0,9,14,12,4,13,0,0,0,16,0,2,2,19,1,0,0,1,0,4,7,1,0,0,0,0,0,1,0,0,0,0,0,0,0,0,0,2,0,0,7,0,0,0,0,0,0,0,0,0,0,0,3,0,1,0,0,0,1,1,0,0,0,0,0,0,0,0,0,0
samantha power describes 'devastating' humanitarian situation in gaza_treetagger_output.txt,RCxMyVIprCg,20240614,397,0,2,3,0,0,0,0,0,3,1,0,1,0,0,1,1,0,0,0,0,0,0,0,0,1,0,0,0,0,0,1,1,0,1,1,0,0,0,0,0,0,0,0,0,0,0,0,0,0,0,0,0,0,0,0,0,0,0,1,1,0,1,0,0,0,0,0,0,0,0
see inside tunnels idf alleges hamas used under khan younis_treetagger_output.txt,h0jZLZa-UQY,20240111,1041,0,5,4,4,3,5,0,0,0,1,0,0,1,0,0,0,0,0,0,0,0,0,0,0,0,0,1,0,0,0,2,0,0,0,0,0,0,0,0,0,1,0,0,0,0,0,0,0,0,0,0,1,0,0,0,0,0,0,1,7,0,0,0,0,0,0,0,0,0,0
see palestinian man's point of view while evacuating gaza city_treetagger_output.txt,9QlVX2XMtms,20231117,511,0,0,0,0,0,0,0,0,0,0,0,0,0,0,0,0,0,0,0,0,0,0,0,0,0,0,0,0,0,0,0,0,0,0,0,0,0,0,0,0,0,0,0,0,0,0,0,0,0,0,0,0,0,0,0,0,0,0,0,0,0,0,0,0,0,0,0,0,0,0
see protests in jerusalem calling for netanyahu to resign_treetagger_output.txt,YRKIfnQnWto,20240401,1488,0,11,5,11,5,11,0,0,2,0,1,11,0,9,0,0,0,8,0,1,3,0,0,0,2,0,0,0,0,1,0,0,0,0,0,0,0,1,0,1,1,0,0,0,0,0,0,0,0,0,0,0,0,0,0,0,0,0,0,0,0,2,0,0,0,0,0,0,0,0
see the new weapon israel is using to fight hamas_treetagger_output.txt,u1EYsf7b9_0,20231023,1618,0,11,1,7,1,8,1,0,0,0,0,5,4,3,1,1,0,4,0,0,0,0,0,1,1,0,0,0,0,0,0,3,0,0,0,0,1,1,0,1,1,0,0,0,0,0,0,0,0,0,0,0,0,0,0,0,0,0,0,3,0,0,0,0,0,0,0,0,0,0
see training camps used by hamas for attack on israel_treetagger_output.txt,koXBvLert_g,20231013,647,0,2,2,7,2,0,0,0,0,1,0,3,0,4,0,0,0,0,0,0,0,2,0,0,0,0,0,0,0,0,0,0,0,0,0,0,0,0,0,0,0,0,0,0,0,0,0,0,0,0,0,0,0,0,1,0,0,0,0,1,0,0,0,0,0,0,0,0,0,0
see what cnn reporter saw inside hospital basement in gaza_treetagger_output.txt,NP6raWKH7DA,20231114,1196,0,4,6,11,5,3,0,0,0,0,0,0,0,3,1,0,0,0,22,1,0,0,0,0,2,0,1,0,0,0,0,0,0,0,1,1,0,0,0,0,1,0,0,0,0,0,0,0,0,0,1,0,3,0,0,0,0,0,1,4,0,0,0,0,0,0,0,0,0,0
see what it looks like at egypt-gaza crossing where anger is growing_treetagger_output.txt,FAPu4FLd2pk,20231021,888,0,4,4,0,3,0,0,1,6,0,0,0,3,1,4,0,0,0,0,0,0,0,0,0,2,0,0,0,0,2,0,1,0,2,2,0,0,0,0,2,0,1,1,0,0,0,1,0,0,0,1,0,1,0,0,0,2,0,0,0,0,0,0,0,0,0,0,0,0,0
see what life looks like in southern gaza for evacuees_treetagger_output.txt,ss0ASA9mcQ8,20231017,1593,0,13,16,15,3,0,3,0,2,6,1,2,4,3,2,0,0,1,0,2,1,1,4,1,7,0,1,2,0,0,1,3,0,1,2,0,2,0,0,0,0,1,0,1,0,0,0,0,0,1,1,0,0,0,0,2,2,2,2,1,0,0,0,0,0,0,0,0,0,0
see what trump said about us involvement in israel-hamas war_treetagger_output.txt,SBtJMBIG-n4,20231110,892,0,4,1,1,2,0,0,0,0,0,0,0,2,1,0,0,0,1,0,0,1,0,0,0,0,0,0,0,0,0,1,0,0,0,0,0,0,0,0,0,0,0,0,0,0,0,0,1,0,0,0,0,0,0,0,0,0,0,1,0,0,0,0,0,0,0,0,0,0,0
senior hamas leader killed in attack in beirut_treetagger_output.txt,EOhZBj3Xidk,20240103,1375,0,8,1,10,7,0,3,0,0,4,0,1,0,3,0,0,0,1,0,0,0,7,6,4,0,3,0,0,0,0,0,2,0,0,0,0,0,0,1,0,0,0,0,0,0,0,0,0,0,0,0,1,0,0,0,2,0,0,0,1,0,0,0,0,0,0,0,0,0,0
she says israeli military killed her husband and daughter_treetagger_output.txt,,,1218,0,3,10,4,5,1,0,0,0,3,0,1,0,13,0,4,0,1,3,1,0,1,0,0,1,0,0,0,0,1,0,0,0,0,0,0,0,2,0,4,0,0,0,0,0,0,0,0,0,0,0,1,4,0,1,0,0,0,0,2,0,0,0,0,0,0,0,0,0,0
should congress set conditions on israel aid hear what this representative thinks_treetagger_output.txt,8NklBbp7BMI,20231202,1326,0,20,5,18,4,3,0,0,5,1,0,0,1,2,1,0,0,0,0,2,0,3,5,0,13,0,1,0,0,0,1,3,0,1,1,2,0,0,0,0,1,0,0,0,0,0,0,0,0,2,0,0,0,0,0,0,2,0,2,2,0,0,0,0,0,0,0,0,0,0
sources hamas used landlines to avoid detection and plan attack_treetagger_output.txt,nz7pS3Hwle8,20231024,1686,0,4,11,25,1,4,0,0,0,3,0,1,1,9,1,0,0,1,0,0,1,4,1,0,0,0,2,0,0,0,0,0,0,1,1,0,0,0,0,0,4,0,0,0,0,0,1,0,0,0,0,0,0,0,0,0,9,0,1,6,0,0,0,0,0,0,0,0,0,0
sources say 2 more hostages released by hamas_treetagger_output.txt,-S-CE_zE5wk,20231023,1136,0,6,7,12,1,15,0,0,0,2,0,0,0,8,1,0,0,0,0,0,0,0,0,0,1,0,0,1,0,3,0,0,0,0,0,0,0,2,0,1,0,0,0,0,0,0,0,0,0,0,0,0,0,0,1,0,0,0,0,6,0,0,0,0,0,0,0,0,0,0
tapper key members of netanyahu’s cabinet ‘throwing fire on the flames’_treetagger_output.txt,rFl2AuVhbMM,20231116,327,0,0,1,1,0,0,0,0,0,0,0,0,0,0,0,0,0,0,2,0,1,1,0,0,0,0,2,0,0,0,0,0,0,0,0,0,0,0,0,0,0,0,0,0,0,0,0,0,0,0,0,0,0,0,0,0,0,0,0,0,0,0,0,0,0,0,0,0,0,0
tensions rising among house democrats over gaza hospital explosion_treetagger_output.txt,yWBe2XYJZMs,20231020,635,1,8,0,1,0,0,0,0,0,0,1,1,2,0,0,0,0,0,1,0,0,0,0,0,1,0,1,0,0,0,0,1,0,0,0,0,0,0,0,0,0,0,0,1,0,0,0,1,0,0,0,0,0,0,0,0,0,0,0,0,0,0,0,0,0,0,0,0,0,0
the history of gaza in 2 minutes_treetagger_output.txt,zdq3NVtT6Nc,20231009,314,0,12,7,5,3,0,0,1,0,0,0,0,2,0,0,0,0,0,0,0,0,0,0,0,0,0,1,1,0,3,0,0,0,0,0,0,0,0,0,0,0,0,0,0,0,0,0,1,0,0,1,0,0,0,0,0,0,0,0,0,0,0,0,0,0,0,0,0,0,0
"the situation is absolutely ‘apocalyptic,’ says surgeon on his recent trip to gaza_treetagger_output.txt",9h8FeGqPO7w,20240530,1746,0,1,6,4,0,0,0,0,1,0,0,0,1,4,0,0,0,0,13,0,0,2,3,0,1,0,1,0,0,0,1,0,0,0,0,0,4,0,0,1,0,0,0,0,0,0,0,0,0,0,0,1,0,1,0,0,0,0,4,3,0,0,0,0,0,0,0,0,0,0
their loved ones are still held hostage by hamas_treetagger_output.txt,,,1213,0,3,2,9,0,7,0,0,0,1,1,0,0,3,1,0,0,1,0,3,0,0,4,0,2,0,0,0,0,1,1,3,0,0,0,0,0,0,0,5,4,0,0,0,0,0,0,0,0,0,0,0,1,1,0,0,0,0,0,5,0,0,0,0,0,0,0,0,0,0
this father went to get birth certificates for newborn twins_treetagger_output.txt,,,1216,0,11,5,10,1,0,4,0,0,3,0,0,1,7,0,0,0,5,4,3,5,2,3,0,0,0,0,0,0,2,0,2,0,0,0,0,1,1,0,0,1,0,0,0,0,0,0,0,0,0,0,0,0,0,0,0,0,0,0,0,0,0,0,0,0,0,0,0,0,0
this is how israel enabled qatar to send millions to gaza_treetagger_output.txt,JTQQKvdm7Ds,20231212,460,0,4,3,7,0,0,0,0,0,0,0,1,0,5,2,0,0,8,0,0,3,0,0,0,0,0,0,1,0,0,0,0,0,0,0,0,0,0,0,0,0,0,0,0,0,0,0,0,1,0,0,0,0,1,0,0,0,0,0,0,0,0,0,0,0,0,0,0,0,0
this israeli battalion has a history of abuse_treetagger_output.txt,,,837,0,5,4,0,1,1,0,0,0,2,2,0,3,6,0,0,0,3,0,0,0,0,0,0,0,0,0,0,0,0,0,0,0,0,0,0,1,0,0,0,0,0,0,0,0,0,0,0,0,0,3,0,8,5,0,0,0,0,0,2,0,0,0,0,0,0,0,0,0,0
thousands of palestinians flee south on foot as israel steps up offensive in gaza city_treetagger_output.txt,3N5Vu_28aNw,20231109,1033,0,13,11,2,3,0,3,0,0,6,2,0,0,8,1,0,0,0,0,1,2,1,1,0,0,0,0,2,0,0,0,0,0,0,1,0,0,0,0,0,0,0,0,0,0,0,0,0,0,0,0,0,0,0,0,1,1,1,0,0,0,0,0,0,0,0,0,0,0,0
threats of all-out war grow between israel and hezbollah_treetagger_output.txt,3-g3tHgUfW0,20240624,858,0,10,1,0,13,0,0,0,0,1,0,1,1,4,0,0,0,1,0,0,3,1,0,8,0,11,0,0,0,0,3,1,0,0,0,0,0,0,0,0,0,0,0,0,0,0,0,0,0,0,0,0,0,0,0,2,0,0,1,0,0,0,0,0,0,0,0,0,0,0
top un court orders israel to prevent genocide in gaza_treetagger_output.txt,yetveeYbHXc,20240126,1590,4,31,13,5,7,0,0,0,1,3,2,0,5,2,3,0,0,2,0,0,4,0,1,0,3,0,0,1,0,0,0,0,20,0,0,0,1,0,0,0,0,0,0,0,0,0,0,0,0,0,1,0,0,0,0,0,0,0,0,0,0,1,0,0,0,0,0,0,0,0
"two american hostages being released by hamas, sources say_treetagger_output.txt",9Hh0yIQ0zoo,20231020,1914,0,13,15,30,0,21,0,0,2,3,0,1,3,4,4,0,0,0,0,0,1,1,0,0,1,0,2,0,0,5,0,1,0,0,0,0,4,0,0,1,3,0,0,0,0,0,1,1,0,0,1,3,1,0,2,0,0,1,1,1,0,0,0,0,0,0,0,0,0,0
us has 'reason to believe' american will be released by hamas during exchange_treetagger_output.txt,Sr_jubWhmZM,20231126,1652,0,10,4,17,2,18,0,0,2,3,0,2,0,5,6,0,0,6,0,1,7,0,1,0,1,0,0,0,0,1,0,6,2,1,1,0,0,2,0,3,2,0,0,0,0,0,0,0,1,0,0,0,1,1,0,0,1,2,0,2,0,0,0,0,0,0,0,0,0,0
us intel hezbollah could be getting russian missile system_treetagger_output.txt,_BjBr7Kf8rA,20231103,1074,0,14,2,2,8,0,6,0,0,0,0,1,0,8,0,0,0,0,0,0,0,0,0,14,0,9,0,0,0,0,1,0,0,0,0,0,0,0,0,0,0,0,0,0,0,0,0,0,0,0,0,0,0,0,0,1,0,0,0,2,0,0,0,0,0,0,0,0,0,0
us intelligence warned of potential for gaza clash in days before attack_treetagger_output.txt,ViGf_NojEWg,20231013,1742,0,13,8,11,1,5,0,0,0,3,0,2,1,5,2,0,0,0,0,2,0,4,1,2,0,0,1,0,0,0,0,0,0,0,0,0,0,0,0,0,0,0,0,0,0,0,0,0,0,0,0,1,0,1,0,0,0,0,2,2,0,0,0,0,0,0,0,0,0,0
veteran reporter shows what it's like inside hamas tunnels under gaza_treetagger_output.txt,9LVVrfvv9BM,20231017,633,0,0,2,2,0,2,0,0,1,0,1,0,1,2,1,0,0,0,0,0,0,0,0,0,2,0,0,0,0,4,0,0,0,0,0,0,0,0,0,0,1,0,0,0,0,0,0,0,0,0,0,0,0,0,0,0,0,0,0,0,0,0,0,0,0,0,0,0,0,0
video appears to show children among palestinian men stripped and detained by idf_treetagger_output.txt,SowH3PeXNsw,20231228,596,0,0,0,0,0,0,0,0,0,0,0,0,0,0,0,0,0,0,0,0,0,0,0,0,0,0,0,0,0,0,0,0,0,0,0,0,0,0,0,0,0,0,0,0,0,0,0,0,0,0,0,0,0,0,0,0,0,0,0,0,0,0,0,0,0,0,0,0,0,0
video shows chaos and horror following israel's latest airstrike to refugee camp in gaza_treetagger_output.txt,pWd-0OiOI9M,20231102,844,0,0,0,0,0,0,0,0,0,0,0,0,0,0,0,0,0,0,0,0,0,0,0,0,0,0,0,0,0,0,0,0,0,0,0,0,0,0,0,0,0,0,0,0,0,0,0,0,0,0,0,0,0,0,0,0,0,0,0,5,0,0,0,0,0,0,0,0,0,0
video shows extensive airstrikes on gaza_treetagger_output.txt,6SVwfkHvlNg,20231027,1411,0,4,12,4,3,6,0,0,2,4,0,0,0,7,3,0,0,1,0,0,0,1,0,0,0,0,1,0,0,0,0,0,0,0,0,0,0,2,0,0,3,0,0,0,0,0,0,0,0,0,0,0,0,0,0,1,1,0,0,1,0,0,0,0,0,0,0,0,0,0
video shows helicopter rescue of israeli hostages_treetagger_output.txt,l-RBT5KE_Z4,20240608,1255,0,4,7,8,2,12,0,0,0,5,2,3,0,2,0,6,0,2,4,3,2,1,1,0,2,0,0,0,0,0,0,1,0,0,0,0,0,0,0,1,1,1,1,0,0,0,0,0,0,1,2,0,0,0,0,0,0,0,2,1,0,0,0,0,0,0,0,0,0,0
video shows journey one woman took to escape shooting at music festival_treetagger_output.txt,I5yAK7kt0os,20231010,264,0,0,0,0,0,0,0,0,0,0,0,0,0,0,0,0,0,0,0,0,0,0,0,0,0,0,0,0,0,0,0,0,0,0,0,0,0,0,0,0,0,0,0,0,0,0,0,0,0,0,0,0,0,0,0,0,0,0,0,0,0,0,0,0,0,0,0,0,0,0
video shows palestinians fighting to get hold of ration packs_treetagger_output.txt,TwTfedTjXOA,20240227,1443,0,0,18,1,2,0,0,0,12,1,2,0,0,3,3,0,0,0,0,10,0,0,0,0,1,0,0,0,0,0,0,0,0,11,10,0,0,0,0,0,0,0,0,0,0,0,0,0,1,0,1,0,0,1,0,0,0,0,0,0,0,1,0,0,0,0,0,0,0,0
video shows rocket strike about 100 meters from cnn reporter_treetagger_output.txt,RqpU_UKN3TI,20231104,1671,0,16,12,26,5,1,0,0,2,1,0,0,3,3,1,0,0,1,5,2,1,3,5,0,8,0,4,1,0,3,0,0,0,0,0,0,5,0,0,0,0,1,0,0,0,0,0,0,0,1,0,0,0,2,0,0,0,0,1,5,0,0,0,0,0,0,0,0,0,0
videos show civilian hostages released by hamas_treetagger_output.txt,HNPh803AUEA,20231125,1616,0,4,5,9,0,26,0,1,1,2,0,1,0,9,1,0,0,0,9,5,1,1,4,0,0,0,0,0,0,2,0,5,0,0,0,0,2,0,0,5,3,0,0,0,0,0,0,0,0,0,0,0,0,0,1,0,0,0,0,0,0,0,0,0,0,0,0,0,0,0
videos show impact of strikes on children in gaza_treetagger_output.txt,g21TVxor7iE,20231013,270,0,0,0,0,0,0,0,0,0,0,0,0,0,0,0,0,0,0,0,0,0,0,0,0,0,0,0,0,0,0,0,0,0,0,0,0,0,0,0,0,0,0,0,0,0,0,0,0,0,0,0,0,0,0,0,0,0,0,0,0,0,0,0,0,0,0,0,0,0,0
viral video of usc professor's encounter with pro-palestinian students sparks controversy_treetagger_output.txt,FHDxzn3kgUA,20231211,799,1,3,2,2,1,0,0,3,0,0,1,0,2,0,0,0,0,0,0,1,0,0,3,0,0,0,0,0,0,0,1,0,0,0,0,0,1,0,0,0,0,0,0,0,0,0,0,3,0,0,0,0,0,0,0,0,0,0,0,0,0,0,0,0,0,0,0,0,0,0
volunteer israeli medic recounts horror of hamas attack_treetagger_output.txt,Q0NQFeLzsd8,20231022,1383,0,5,1,6,2,0,0,0,0,0,0,0,0,0,0,0,0,0,0,0,0,2,0,0,0,0,0,0,0,0,0,0,0,0,0,0,0,0,0,3,0,0,0,0,0,0,0,0,0,0,0,0,0,0,0,0,0,0,0,0,0,0,0,0,0,0,0,0,0,0
watch as iron dome intercepts hamas' rockets over cnn correspondent's head_treetagger_output.txt,ni1vHdQtWbs,20231010,1510,0,1,7,6,0,0,0,0,0,1,0,0,0,4,0,0,0,0,0,0,0,0,0,0,0,0,0,0,0,0,0,0,0,0,0,0,0,0,0,0,0,0,0,0,0,0,0,0,0,0,0,0,0,0,0,0,0,0,0,1,0,0,0,0,0,0,0,0,0,0
weapons used by hamas militants appear to be russian or chinese made_treetagger_output.txt,Cyp03W2SXyc,20231014,1241,0,8,7,16,1,2,0,0,0,2,0,0,1,4,0,0,0,0,0,0,0,3,2,0,2,0,2,2,0,0,1,0,0,0,0,0,0,0,0,0,1,0,0,0,0,0,0,0,0,0,0,1,0,0,0,0,0,0,0,2,0,0,0,0,0,0,0,0,0,0
wesley clark israeli’s militarily have to do this_treetagger_output.txt,LX0UE92QqDw,20231115,1428,0,5,8,16,1,0,0,0,0,4,1,3,0,1,0,0,0,0,10,0,0,2,0,0,4,0,1,0,0,0,0,0,0,0,0,0,4,0,0,0,0,0,0,0,0,0,0,0,0,1,0,0,1,1,0,0,0,1,5,0,0,0,0,0,0,0,0,0,0,0
what might be giving israel pause before incursion expert lays out possible factors_treetagger_output.txt,aCugwURWg7Q,20231022,1043,0,4,5,2,0,2,0,0,0,3,0,5,1,3,0,0,0,0,0,0,0,0,0,0,1,0,0,0,0,0,0,2,0,0,0,0,0,0,0,0,2,0,0,0,0,0,0,0,0,0,1,0,2,1,0,0,0,0,2,0,0,0,0,0,0,0,0,0,0,0
"when hamas attacked, this group of volunteers fought back and won_treetagger_output.txt",NYhUr70aXZE,20231020,1816,0,0,1,0,0,0,0,0,0,5,0,0,0,0,0,0,0,0,0,1,0,0,0,0,1,0,0,0,0,0,0,0,0,0,0,1,0,0,0,0,0,0,0,0,0,0,0,0,0,1,0,0,0,0,0,0,0,0,0,0,0,0,0,0,0,0,0,0,0,0
"white house says it is watching iranian threat ‘very, very closely’_treetagger_output.txt",M1xlEYfPiyk,20240412,1494,0,26,0,0,5,0,24,0,0,5,0,4,0,12,0,0,0,1,0,0,2,11,0,4,0,4,0,0,0,0,2,1,0,0,0,0,0,0,0,0,0,0,0,0,0,0,1,0,0,0,0,0,0,0,0,1,0,0,0,3,0,0,0,0,0,0,0,0,0,0
white house warns israel over post-war plans for gaza_treetagger_output.txt,A3TWRghbSsc,20231107,1329,0,4,8,7,2,0,3,0,0,4,0,1,3,2,0,0,0,2,0,0,9,0,0,1,0,0,1,0,0,0,1,1,0,0,0,0,0,0,1,0,0,0,0,0,0,0,0,1,0,0,0,0,0,1,0,0,0,0,0,1,0,0,0,0,0,0,0,0,0,0
who is the leader of hamas in gaza_treetagger_output.txt,1wfmV0qOQow,20231018,1155,0,11,8,14,5,2,2,0,0,4,2,0,2,4,0,0,0,1,0,1,0,3,0,3,2,0,0,1,0,3,3,0,0,0,0,0,0,0,0,0,1,0,0,0,0,0,0,0,0,0,0,0,1,0,2,0,0,0,2,1,0,0,0,0,0,0,0,0,0,0
"why gaetz doesn't regret ousting mccarthy, even amid israel-hamas conflict_treetagger_output.txt",3fMALiXAduU,20231014,1629,0,17,2,3,2,0,0,0,2,1,0,0,0,0,1,0,0,0,0,0,0,0,0,0,1,0,0,0,0,1,9,2,0,0,0,0,0,0,0,1,0,1,0,0,0,0,1,0,0,0,0,0,0,0,0,1,0,0,0,0,0,0,0,0,0,0,0,0,0,0
why retired general thinks hostage exchange is a 'net loss' for israel_treetagger_output.txt,VCgcvGM2QUU,20231126,733,0,9,2,11,0,6,1,0,0,11,0,2,1,9,0,0,0,0,0,0,0,0,0,3,2,0,0,0,0,0,0,2,0,1,0,0,0,0,0,0,0,0,0,1,0,0,0,0,0,2,0,0,0,0,0,0,1,0,1,1,0,0,0,0,0,0,0,0,0,0
why some ultra-orthodox jews are enlisting in the idf_treetagger_output.txt,IWLNF_s6xkM,20231030,639,0,9,0,3,1,0,0,0,0,3,0,0,0,5,0,0,0,0,0,4,0,2,2,0,0,0,0,0,0,0,0,0,0,0,0,0,0,0,0,3,0,0,0,0,0,0,0,3,0,0,0,0,0,0,0,0,0,0,0,0,0,0,0,0,0,0,0,0,0,0
why this expert thinks everyone's mental health is 'at risk' from israel-hamas war_treetagger_output.txt,VlQiCdqFURM,20231014,911,0,2,1,0,2,0,0,0,0,0,0,0,0,0,0,0,0,0,0,2,0,0,0,0,0,0,0,0,0,0,0,0,0,0,0,0,4,0,0,2,0,0,0,0,0,0,0,0,0,0,0,0,0,0,0,0,0,0,0,0,0,0,0,0,0,0,0,0,0,0
woman recalls being told her sister was killed by hamas at nova festival_treetagger_output.txt,SR_EAWjPUM0,20231021,1024,0,1,2,4,1,1,0,0,0,0,0,0,0,0,0,0,0,0,2,0,0,1,1,0,2,0,1,0,0,0,0,0,0,0,0,0,1,0,0,4,1,0,0,0,0,0,0,0,0,0,1,0,1,0,0,0,0,0,0,1,0,0,0,0,0,0,0,0,0,0
woman's daughter was killed by hamas_treetagger_output.txt,,,1252,0,0,2,1,0,1,0,0,0,0,0,0,0,0,0,0,0,0,0,1,0,0,3,0,0,0,0,0,0,0,0,0,0,0,0,0,0,0,0,0,1,0,0,0,0,0,0,1,0,0,2,0,0,0,0,0,0,0,0,2,0,0,0,0,0,0,0,0,0,0
young girl exits ambulance at rafah crossing amid hostage release_treetagger_output.txt,zvYqPJeFUV8,20231124,1577,0,9,3,3,0,23,0,0,0,1,0,0,0,7,0,0,1,0,0,1,0,2,0,0,0,0,0,0,0,1,0,0,0,1,0,0,0,0,0,2,3,0,0,0,0,0,0,0,0,0,0,0,0,0,0,0,0,0,0,0,0,0,0,0,0,0,0,0,0,0
‘inconceivable’ bernie sanders slams netanyahu’s approach to war against hamas_treetagger_output.txt,upZ61_Kb_ZM,20240618,713,0,4,2,0,0,0,0,0,0,0,0,0,0,0,0,0,0,3,0,1,0,0,1,0,0,0,0,0,0,0,1,0,0,0,0,0,1,0,0,0,0,0,0,0,0,0,0,0,0,0,0,0,0,0,0,0,0,0,0,0,0,0,0,0,0,0,0,0,0,0
‘iran’s useful idiots’ netanyahu calls out protesters during speech to congress_treetagger_output.txt,RUUqUNYFcmo,20240724,1586,2,21,8,4,2,4,7,0,4,2,0,0,0,8,0,1,0,2,0,1,6,0,2,1,2,1,0,0,0,0,0,2,1,0,0,0,0,0,0,2,0,0,0,0,0,0,0,5,0,0,0,0,0,0,0,0,0,0,1,0,0,0,0,0,0,0,0,0,0,0
‘it wont be hezbollah alone’ lebanon’s fm warns against israeli invasion_treetagger_output.txt,5K-aUvgP8sE,20240728,1451,0,17,0,1,4,0,2,1,0,2,0,1,0,9,0,0,0,2,0,2,8,18,2,22,0,12,0,1,0,0,1,0,0,0,0,0,0,0,0,0,0,0,0,1,0,0,1,0,0,0,0,0,0,0,0,1,0,0,0,0,0,0,0,0,0,0,0,0,0,0
‘no nation is liberated without sacrifices’ how hamas frames casualties of war_treetagger_output.txt,e93Pu6fqlnU,20231107,797,0,0,0,0,0,0,0,0,0,0,0,0,0,0,0,0,0,0,0,0,0,0,0,0,0,0,0,0,0,0,0,0,0,0,0,0,0,0,0,0,0,0,0,0,0,0,0,0,0,0,0,0,0,0,0,0,0,0,0,0,0,0,0,0,0,0,0,0,0,0
‘that sounds like ethnic cleansing’ cnn questions lead figure in israel’s settler movement_treetagger_output.txt,FkXJwErm8DM,20240320,1058,0,9,18,0,1,0,0,0,0,0,0,2,2,5,0,0,0,2,0,0,2,0,0,0,0,0,0,0,0,0,2,1,0,0,0,0,0,0,0,1,0,0,0,0,0,0,0,3,0,0,0,0,1,0,0,0,0,0,0,2,0,0,0,0,0,0,0,0,0,0
‘we feel alone’ schumer addresses antisemitism_treetagger_output.txt,1UKGQ3ORCkc,20231129,379,0,1,0,0,1,0,0,0,1,0,0,1,0,0,0,0,0,0,0,1,0,0,0,0,0,0,0,0,0,0,0,0,0,0,0,0,0,0,0,0,0,0,0,0,0,0,0,6,0,0,0,0,0,0,0,0,0,0,0,0,0,0,0,0,0,0,0,0,0,0
‘you decided to still drop a bomb’ wolf presses idf spokesman on israeli airstrike on refugee camp_treetagger_output.txt,hyqFFsRifFM,20231101,525,0,2,2,6,1,0,0,0,0,0,0,1,1,1,0,0,0,0,0,2,0,2,4,0,5,0,0,0,0,0,0,0,0,0,0,0,0,0,0,0,0,6,0,0,0,0,0,0,0,0,0,0,0,0,0,0,0,0,1,0,0,0,0,0,0,0,0,0,0,0
