file_name,video_id,publish_date,total_word_count,..genocide,..Israel,..Gaza,..Hamas,..War,..Iran,..Palestine,..Aid,..Military,Palestinians..,Israelis..,..Palestinian,..Israeli,..Humanitarian,..Ceasefire,..Rafa,..Netanyahu,..Hospital,..Child,..Minister,..Attack,..Kill,..Hezbollah,..Civilian,..Lebanon,..Terrorist,..Terror,..Westbank,..West bank,..Egypt,..Support,..Biden,..Court,..Food,..Water,..Electricity,..Health,..Negotiation,..Militia,..Family,..Hostage,..Refugee,..Protest,..Islamic,..unra,..Unrwa,..Diplomatic,..Jewish,..Suffering,..Casualty,..Death,..Militant,..Soldier,..Human,..Prisoner,..Escalation,..Fuel,..Supply,Supplies..,..idf,..Displace,..UN,..Israeli Government,..October 7th,..United states,..Evacuate corridor,..Terror attack,..Release hostage,..United Nations,..Israeli military,..Human right,..defend itself,..Self-defence,..Self-defense,..self defense,..self defence
'a bird in heaven' grandfather cradles 7-year-old granddaughter killed in southern gaza_output.json,2pgFrmNgjUo,20240210,263,0,0,0,0,0,0,0,0,0,0,0,0,0,0,0,0,0,0,0,0,0,0,0,0,0,0,0,0,0,0,0,0,0,0,0,0,0,0,0,0,0,0,0,0,0,0,0,0,0,0,0,0,0,0,0,0,0,0,0,0,0,0,0,0,0,0,0,0,0,0,0,0,0,0,0,0
'a mistake' biden warns against israel occupying gaza_output.json,GoRBO7Hu9KM,20231016,1542,0,9,8,8,8,4,0,0,1,5,4,4,5,5,0,0,1,0,0,2,0,2,4,1,2,0,0,0,1,1,3,3,0,0,0,0,0,1,0,0,11,0,0,0,0,0,0,0,0,0,0,0,0,0,0,0,0,1,1,1,0,0,0,0,0,0,0,0,0,0,0,0,0,0,0,0
'dangerous and unhinged' white house reacts to trump complimenting hezbollah_output.json,qHx5qTp2DhY,20231012,1979,0,8,0,3,0,1,0,0,0,0,4,1,3,0,0,0,10,0,1,1,4,1,4,0,0,4,0,0,0,0,2,9,0,0,1,0,0,0,0,0,0,0,0,0,0,0,0,0,0,0,0,0,0,0,0,0,0,0,0,0,0,1,0,0,0,0,0,0,0,0,0,0,0,0,0,0
'death was a blessing' father on learning fate of daughter_output.json,dVxHa7Cv2a0,20231012,1265,0,0,0,0,0,0,0,0,0,0,0,0,0,0,0,0,0,0,0,0,0,0,0,0,0,0,0,0,0,0,0,0,0,0,0,0,0,0,0,0,0,0,0,0,0,0,0,0,0,0,0,0,0,0,0,0,0,0,0,0,0,0,0,0,0,0,0,0,0,0,0,0,0,0,0,0
'i don't know if we're going to make it' palestinian-american stuck in gaza speaks out_output.json,Iqjqm7pBIIE,20231011,923,0,0,7,3,0,0,0,0,0,3,0,2,2,0,0,0,0,1,2,0,0,0,0,0,0,0,0,0,0,0,0,0,0,0,0,0,0,0,0,0,0,0,0,0,0,0,0,0,0,0,1,0,0,0,0,0,0,0,0,1,0,0,0,0,0,0,0,0,0,0,0,0,0,0,0,0
'i was so shocked' mom who broke down on dnc stage speaks out_output.json,PzLBHU9S-go,20240822,1590,0,1,4,3,1,0,0,0,0,0,0,0,1,1,0,0,1,0,1,1,1,0,0,3,0,0,1,0,0,0,5,0,0,0,0,0,0,1,0,4,7,0,1,0,0,0,0,1,3,0,0,0,0,3,1,0,0,0,0,0,0,0,0,1,0,0,1,0,0,0,0,0,0,0,0,0
'israelis are bombing the crap out of gaza' tapper presses biden official on american hostages_output.json,EtAz61fKLeg,20231015,2221,0,10,15,15,4,0,0,0,0,4,8,2,4,0,0,0,0,3,2,0,2,2,0,10,0,2,0,0,0,4,0,4,0,3,6,2,0,0,0,0,14,0,0,0,0,0,0,0,0,0,0,0,0,0,2,0,0,2,2,1,0,0,2,0,4,0,0,0,0,0,0,0,0,0,0,0
'it was animal slaughter' israeli festival survivor describes horror_output.json,VWu7zjxvOxg,20231012,1514,0,0,0,0,3,0,0,0,0,0,0,0,0,0,0,0,0,2,0,0,0,5,0,0,0,4,0,0,0,0,0,0,0,0,0,0,0,0,0,0,0,0,0,0,0,0,0,0,0,0,0,0,1,0,0,0,0,0,0,3,0,0,0,0,0,0,0,0,0,0,0,0,0,0,0,0
'it was like that place didn't exist' see doctors' journey leaving gaza_output.json,r6s5C5GhnAY,20240531,480,0,1,4,0,0,0,0,0,0,2,0,0,0,2,0,0,0,1,0,0,0,0,0,0,0,0,0,0,0,0,0,1,0,0,0,0,1,0,0,0,0,0,0,0,0,0,0,0,0,0,0,0,0,0,0,0,0,0,0,0,0,0,0,0,0,0,0,0,0,0,0,0,0,0,0,0
'it's a very big deal' petraeus on the significance of iran's attack_output.json,gAQMmtiCuG4,20240415,1678,0,15,1,3,5,16,0,0,0,0,8,0,2,0,0,0,1,0,0,1,14,1,3,0,2,0,0,0,0,0,0,2,0,0,0,0,0,0,0,0,1,0,0,0,0,0,1,0,0,1,0,0,0,0,0,2,2,0,0,0,0,0,0,0,3,0,0,0,0,0,0,0,0,0,0,0
'mind-boggling' retired general on hamas tunnel in gaza_output.json,8cQ7zYQlPyg,20231218,1270,0,2,7,8,0,0,0,0,1,0,2,1,8,0,0,0,0,0,0,0,0,2,0,2,0,3,0,0,0,0,0,1,0,0,0,0,1,0,0,0,4,0,0,0,0,0,0,0,0,0,0,0,4,0,0,0,0,0,0,5,0,0,2,0,1,0,0,0,0,0,0,0,0,0,0,0
'nobody can win a war like this' jewish student reflects on israeli-hamas war_output.json,DPNVq3BXy-U,20231101,1282,0,14,7,5,3,0,2,0,2,4,0,1,3,0,0,0,0,0,0,0,3,1,0,1,0,0,2,0,0,0,1,0,3,0,0,0,0,0,0,4,1,0,0,0,0,0,0,5,0,0,0,0,0,0,0,0,0,0,0,0,0,0,0,0,0,0,1,0,0,1,0,0,0,0,0,0
'orders of magnitude more difficult' petraeus on urban combat_output.json,RYtxWLVwH_Q,20231017,1744,0,3,5,7,4,0,0,0,5,2,2,1,3,0,0,0,1,1,0,1,3,1,0,2,0,3,0,0,1,3,1,0,0,0,0,0,0,0,0,0,0,0,0,2,0,0,0,0,0,2,0,0,0,0,0,0,0,0,0,1,0,0,0,1,0,0,0,0,1,1,0,0,0,0,0,0
'shocking' watch blinken react to footage of hamas terrorist attack on family_output.json,8adDjfFKfwI,20231103,1509,0,5,8,7,1,0,0,0,0,0,2,2,2,1,0,0,0,1,2,0,2,1,0,3,0,3,1,0,0,0,0,0,0,0,1,1,0,0,0,2,0,0,0,0,0,0,0,0,0,1,0,0,0,1,0,0,0,0,0,0,0,0,0,1,0,0,1,0,0,0,0,0,0,0,0,0
'soap has become a luxury item' aid official describes anguish in gaza_output.json,FcVtsq068KI,20240830,1782,0,4,4,1,3,0,0,11,0,0,2,0,1,4,0,0,0,5,4,0,0,0,0,0,0,0,0,0,0,0,1,0,0,0,2,0,0,1,0,4,1,0,0,0,0,0,0,0,0,0,2,0,0,1,0,0,1,0,0,0,0,0,0,0,0,0,0,0,0,0,0,0,0,0,0,0
'they bombed an entire street' child in gaza who pulled brother from rubble_output.json,sxhFnBEe6Ts,20231203,595,0,0,0,0,0,0,0,0,0,0,0,0,0,0,0,0,0,0,0,0,0,0,0,0,0,0,0,0,0,0,0,0,0,0,0,0,0,0,0,0,0,0,0,0,0,0,0,0,0,0,0,0,0,0,0,0,0,0,0,2,0,0,0,0,0,0,0,0,0,0,0,0,0,0,0,0
'they told us this area was safe' designated gaza safe zone targeted by israeli airstrike_output.json,hrqXnnPe4FQ,20240910,1196,0,4,7,8,1,0,0,0,4,2,0,4,10,4,0,0,0,0,1,0,1,7,0,7,0,3,0,0,5,0,0,0,0,0,0,0,2,0,0,1,0,1,3,0,0,0,0,0,0,0,1,1,0,1,0,0,0,0,0,5,1,1,0,0,2,0,0,0,0,3,0,0,0,0,0,0
'we have 3 minutes' cnn goes inside one of most dangerous places in northern israel_output.json,FWibxMDbMFc,20240709,1493,0,10,13,5,4,0,0,0,8,2,1,1,10,0,0,0,0,0,2,0,3,1,5,3,2,1,0,0,0,0,0,0,0,0,0,0,0,2,0,1,0,0,0,0,0,0,0,0,0,0,0,2,0,0,0,0,0,1,0,0,2,0,0,1,0,0,0,0,0,6,0,0,0,0,0,0
'who takes over' tapper presses netanyahu adviser on the future of gaza_output.json,D4ijJkr_d_A,20231027,1300,0,3,13,13,2,0,0,0,6,0,1,0,5,2,0,0,1,6,0,2,1,2,0,3,0,5,0,0,0,0,0,0,0,0,0,0,0,0,0,0,0,0,0,0,0,0,0,0,0,0,0,0,4,1,0,0,0,0,0,6,0,0,0,1,1,0,0,0,0,0,0,0,0,0,0,0
'you don't compliment any of them' haley responds to trump's hamas comment_output.json,rs_hCX_JmyM,20231015,2623,0,20,6,18,0,6,0,0,0,12,0,5,4,1,0,0,1,1,3,2,1,1,4,4,1,8,0,0,1,3,3,6,0,0,0,0,0,0,0,3,8,0,0,0,0,0,0,1,0,0,2,0,0,1,0,0,0,0,0,1,0,0,1,0,0,0,0,1,2,0,0,0,0,0,0,0
"104 civilians killed trying to access food aid trucks in gaza, palestinian health ministry says_output.json",ywOzeZl7uIU,20240229,663,0,0,5,1,0,0,0,8,7,0,0,2,11,2,0,0,0,0,0,0,0,4,0,0,0,0,0,0,0,0,0,0,0,2,0,0,2,0,0,0,0,0,0,0,0,0,0,0,0,0,0,0,1,0,0,0,0,1,1,1,0,0,0,0,0,0,0,0,0,7,0,0,0,0,0,0
"300,000 israeli troops stand at ready after hamas attack_output.json",WeuvIUopgGg,20231011,651,0,8,4,2,2,0,0,0,6,0,2,0,5,0,0,0,0,0,1,0,2,0,0,0,0,2,0,0,0,0,0,0,0,0,0,0,0,0,0,0,0,0,0,0,0,0,0,0,0,0,0,0,4,0,0,0,0,0,0,0,0,0,0,0,0,0,0,0,0,1,0,0,0,0,0,0
85-year-old grandmother freed by hamas describes being kidnapped_output.json,dCgI8OoeZF8,20231024,2244,0,6,10,18,3,0,0,1,5,0,2,0,7,1,0,0,1,1,1,3,5,6,0,0,0,1,1,0,0,0,3,0,0,2,3,0,0,0,0,0,19,0,0,0,0,0,0,0,0,0,0,1,0,0,0,0,0,0,0,3,0,0,0,0,0,0,1,0,0,2,0,0,0,0,0,0
alleged leaked netanyahu audio reveals he might be angry with the us_output.json,r9c0117-HNc,20240126,491,0,2,1,1,1,0,0,0,1,0,2,0,5,0,0,0,4,0,0,4,0,0,0,0,0,0,0,0,0,0,0,1,0,0,0,0,0,0,0,3,5,0,0,0,0,0,1,0,0,0,0,0,0,0,0,0,0,0,0,0,0,0,0,0,0,0,0,0,0,0,0,0,0,0,0,0
american nurse who got out of gaza describes desperation she saw_output.json,gk7iWgCk14U,20231107,1896,0,1,11,0,1,0,0,0,0,2,0,1,2,0,0,0,0,6,4,0,1,3,0,2,0,0,0,0,0,0,0,0,0,3,8,0,0,0,0,5,0,1,0,0,0,0,0,0,0,0,2,0,0,0,0,0,0,4,3,1,2,0,0,0,0,0,0,0,1,0,0,0,0,0,0,0
analyst how hamas is using cryptocurrency to raise funds_output.json,IfWjwKl-CA8,20231014,945,0,1,0,7,0,1,0,0,1,0,0,0,0,0,0,0,0,0,0,0,1,0,0,0,0,7,0,0,0,0,1,0,0,0,0,0,0,0,0,0,0,0,0,0,0,0,0,0,0,0,0,0,0,0,0,0,0,0,0,0,0,0,0,0,0,0,0,0,0,0,0,0,0,0,0,0
analyst weighs in on hamas hostage video release_output.json,-81vCffWq6k,20231017,962,0,3,1,8,1,2,0,0,3,0,0,1,4,0,0,0,0,0,1,0,3,2,0,1,0,3,1,0,0,0,0,0,0,0,0,0,0,0,0,1,13,0,0,1,0,0,0,0,0,0,0,0,0,2,4,0,0,0,0,1,0,0,0,0,0,0,1,0,0,1,0,0,0,0,0,0
anderson cooper had a realization about a hostage during a live interview with his parents_output.json,5QqFweh3CC4,20231024,2150,0,0,2,4,0,0,0,0,0,0,2,0,1,0,0,0,0,0,6,2,0,0,0,0,0,0,0,0,0,0,1,1,0,0,0,0,0,0,0,4,9,0,0,0,0,0,0,1,1,0,0,0,1,0,0,0,0,0,0,0,0,0,0,0,0,0,0,0,0,0,0,0,0,0,0,0
"anderson cooper's connection to the parents of hostage hersh goldberg-polin, who was killed by hamas_output.json",jEW8H34zEGw,20240904,1902,0,3,4,5,0,0,0,0,0,0,2,0,10,0,0,0,2,0,3,3,1,0,0,0,0,0,0,0,0,0,0,1,0,0,0,0,0,0,0,3,17,0,0,0,0,0,0,2,1,0,4,0,1,0,0,0,1,0,0,1,0,0,2,2,0,0,0,0,0,0,0,0,0,0,0,0
"at least 45 dead as israel strikes rafah, gazan officials say_output.json",dsnvUjPrC3g,20240527,1239,0,14,5,3,1,0,0,0,6,0,0,2,2,0,2,0,0,1,2,1,4,2,0,10,0,0,0,0,0,0,1,4,2,0,0,0,3,1,0,0,0,1,0,0,0,0,0,0,0,3,0,0,0,0,0,0,0,2,0,1,2,0,0,0,1,0,0,0,1,2,0,0,0,0,0,0
attacks on us military in middle east stoke fear of regional war_output.json,POm7qqRaNnM,20231020,1686,0,5,15,0,0,2,0,2,4,0,0,0,4,0,0,0,0,4,0,0,8,1,0,0,0,0,0,0,1,2,0,0,0,0,0,2,0,0,0,0,0,0,0,0,0,0,0,0,0,0,1,0,0,0,0,0,6,2,1,1,0,0,1,0,0,0,0,0,1,0,0,0,0,0,0,0
before and after satellite images show destruction in gaza_output.json,lX1kQKDZ2NA,20231026,868,0,5,7,1,3,0,0,0,0,0,0,0,2,3,0,0,0,1,0,2,0,1,0,0,0,1,0,0,0,0,0,0,0,0,0,0,0,0,0,0,0,0,0,0,0,0,0,0,0,0,0,0,1,0,0,0,2,1,1,2,0,1,0,0,0,0,0,0,0,0,0,0,0,0,0,0
benjamin netanyahu disbands israeli war cabinet_output.json,LRQaFxADQjg,20240617,2399,0,24,16,2,16,1,0,7,4,0,8,1,6,2,1,3,5,0,0,7,1,1,7,0,9,0,0,0,0,0,0,0,0,0,0,0,0,0,0,0,2,0,1,0,0,0,0,0,0,0,0,1,0,0,1,1,0,0,0,5,0,1,0,1,1,0,0,0,0,0,0,0,0,0,0,0
bernie sanders rips netanyahu ahead of high-stakes speech to congress_output.json,T_0cXkyvTBg,20240724,1969,0,5,13,6,7,0,0,0,0,0,2,1,12,3,2,0,20,0,0,7,0,1,0,2,0,0,0,0,0,0,1,3,0,0,0,0,0,1,0,3,8,0,3,0,0,0,0,2,0,0,1,0,1,0,0,0,0,0,0,1,0,1,2,0,1,0,0,0,0,0,0,0,0,0,0,0
bernie sanders us should not give netanyahu 'another nickel'_output.json,dszS9Nl5Cps,20240301,436,1,0,1,0,3,0,0,1,1,0,0,0,0,0,1,0,0,0,1,0,0,1,0,0,0,0,0,0,0,0,0,2,0,0,0,0,0,0,0,0,0,0,0,0,0,0,0,0,0,0,0,0,0,0,0,0,0,0,0,0,0,0,0,0,0,0,0,0,0,0,0,0,0,0,0,0
biden and netanyahu to speak for the first time since 7 aid workers killed in gaza_output.json,X-t8H8bu6zw,20240404,2154,0,18,5,1,2,0,0,12,4,1,10,1,10,6,0,0,7,0,0,7,6,5,0,5,0,0,0,0,1,0,3,11,0,0,0,0,0,1,0,0,1,0,0,0,0,0,0,0,0,0,1,0,0,0,0,0,0,0,0,0,0,1,0,0,2,0,0,0,0,0,0,1,0,0,0,0
biden confirms 4-year-old abigail edan among hostages released_output.json,kBLvPKT3R6k,20231126,1585,0,7,9,6,1,0,0,3,0,3,2,2,1,2,0,0,2,2,2,2,1,2,0,1,0,1,0,0,0,4,0,0,0,1,1,0,0,0,0,2,16,0,0,0,0,0,0,0,0,0,0,2,0,0,1,0,1,0,0,0,0,0,1,1,0,0,0,0,0,0,0,0,0,0,0,0
biden downplaying hamas' october 7 attack must stop_output.json,DWhlNn_CPVg,20240507,2034,1,2,0,5,4,0,0,0,0,0,1,0,1,0,0,0,0,0,1,0,2,0,0,0,0,1,2,0,0,0,0,1,0,0,0,0,0,0,0,4,4,1,2,0,0,0,1,17,0,0,0,0,0,2,1,0,0,0,0,0,0,0,0,2,1,0,0,0,0,0,1,0,0,0,0,0
biden hamas attack on israel is ‘an act of sheer evil’_output.json,lQLlo89kaco,20231010,1472,1,13,0,5,3,0,0,0,2,0,0,2,2,0,0,0,1,0,2,1,4,5,0,3,0,2,1,0,0,0,1,2,0,0,0,0,0,0,0,5,5,0,0,0,0,0,0,7,0,0,0,0,0,3,0,0,0,0,0,0,0,0,0,0,8,0,0,0,0,0,0,2,0,0,0,0
biden hostage release 'only a start'_output.json,1yhU4tihI44,20231124,1911,0,7,6,12,3,0,0,2,0,6,4,1,3,3,0,0,4,2,6,5,1,1,0,1,0,1,1,0,0,4,1,0,0,3,2,0,0,0,0,5,12,0,0,0,0,0,0,1,0,1,0,0,0,0,0,0,4,2,2,0,0,0,0,0,0,0,0,0,1,0,0,0,0,0,0,0
biden to netanyahu protect civilians or else_output.json,f7MB9VKx-ds,20240404,1806,0,26,13,6,2,1,0,11,0,0,5,0,8,11,0,0,3,0,0,6,1,0,0,16,0,3,0,0,0,0,2,5,0,1,0,0,0,0,0,0,3,0,0,0,0,0,0,0,3,0,0,0,0,4,0,0,0,0,0,0,0,0,0,2,4,0,0,0,0,0,0,0,0,0,0,0
biden warns that netanyahu needs to change his government_output.json,vLs3miDGwKE,20231212,1574,0,24,7,4,7,0,0,0,0,0,1,0,6,3,1,0,10,0,0,4,0,1,0,7,0,0,0,0,0,0,8,8,0,0,0,0,0,0,0,0,0,0,1,0,0,0,0,0,0,3,0,0,0,1,0,0,0,0,0,0,0,0,4,0,1,0,0,0,0,0,0,0,0,0,0,0
blinken describes how the israel-hamas war affects him personally_output.json,JCAza8k6CyI,20231207,738,0,1,0,3,1,0,0,0,0,0,0,0,0,0,0,0,0,0,2,0,0,0,0,0,0,0,0,0,0,0,0,0,0,0,1,0,0,0,0,0,2,0,0,0,0,0,0,0,0,0,0,0,0,1,0,0,0,0,0,0,0,0,0,1,0,0,0,0,0,0,0,0,0,0,0,0
blinken gives update on release of 2 american hostages held by hamas_output.json,czQWZAaWlHA,20231020,2015,0,11,4,8,3,1,0,0,0,0,0,1,0,1,0,0,0,0,1,0,2,0,1,1,0,1,1,0,0,3,0,2,0,0,0,0,1,0,0,5,11,0,0,0,0,0,0,0,0,0,1,0,0,3,0,0,0,0,0,0,0,0,0,0,3,0,0,0,1,0,0,1,0,0,0,0
blinken on why international community slow to address sexual violence committed by hamas_output.json,CTg_4VZpNTc,20231210,2057,0,18,3,6,1,0,0,1,5,1,4,6,0,7,0,0,0,0,0,0,1,4,0,9,0,2,0,0,0,0,1,0,0,0,0,0,0,0,0,0,1,0,0,0,0,0,0,0,0,0,2,0,0,1,0,0,0,0,0,2,0,0,0,6,1,0,0,0,2,0,0,0,0,0,0,0
blogger leaves haunting words in final video from gaza_output.json,5f0Onb1RV34,20231124,1463,0,2,17,2,7,0,0,10,0,3,0,1,1,4,0,0,0,0,1,0,0,2,0,2,0,0,0,0,0,2,0,0,0,2,3,0,0,0,0,1,0,0,0,0,0,0,0,0,0,0,2,0,0,1,0,0,3,0,0,1,0,0,0,0,0,0,0,0,0,0,0,0,0,0,0,0
bolton says icc actions show it’s not ‘tethered to rule of law itself’_output.json,qTvFuNNVwnA,20240521,1755,2,8,4,17,3,0,0,0,2,2,0,2,5,0,0,0,1,1,5,3,0,6,0,3,0,0,0,0,0,0,0,6,12,1,1,1,1,0,0,1,0,0,0,0,0,0,0,0,0,3,0,0,0,3,0,0,0,0,0,0,0,0,0,1,2,0,0,0,5,0,1,0,0,0,0,0
breaking down what biden said in israel amid deadly gaza hospital strike_output.json,hg4m7bnDl0s,20231018,2043,0,27,12,5,7,1,0,5,0,0,6,2,2,6,0,0,2,2,0,5,4,0,1,1,0,3,0,0,2,2,5,6,0,0,0,0,0,0,0,0,0,0,1,1,0,0,0,0,0,0,0,0,0,0,0,0,0,0,0,0,0,0,0,2,4,0,0,0,0,0,0,0,0,0,0,0
brother of released american hostage speaks out_output.json,6gpi9S7P_c8,20231021,2173,0,5,7,6,0,0,1,0,0,0,4,0,6,1,0,0,0,1,2,0,1,1,0,0,0,0,0,0,0,2,2,3,0,0,0,0,1,0,0,7,10,0,0,0,0,0,0,0,0,0,0,0,0,0,0,0,0,0,0,3,0,0,1,0,0,0,0,0,0,0,0,0,0,0,0,0
burnett confronts top israeli official about october 7 intelligence failure_output.json,4l556W2LMzE,20231202,840,0,6,2,7,6,0,0,0,0,0,3,0,2,0,0,0,1,0,0,1,2,0,0,0,0,0,0,0,0,1,0,0,0,0,0,0,0,0,0,0,0,0,0,0,0,0,0,0,0,0,0,0,0,0,0,0,0,0,0,0,0,0,0,3,0,0,0,0,0,0,0,0,0,0,0,0
catch up on netanyahu’s speech to congress and analysis_output.json,EuylZvvtTxc,20240725,6653,2,41,27,15,9,16,0,8,5,5,7,4,16,2,1,0,18,0,3,26,0,6,2,7,1,1,0,0,0,0,5,5,1,1,0,0,0,1,0,6,25,0,14,0,0,0,0,6,0,2,7,1,2,0,0,0,1,1,1,2,1,0,0,4,8,0,0,0,1,1,0,0,0,0,0,0
cheers erupt as red cross convoy passes through rafah crossing_output.json,IX2lBOesLO4,20231124,1703,0,9,6,10,0,0,0,0,0,0,0,0,6,3,0,0,0,1,0,1,0,0,0,0,0,0,0,0,0,4,1,0,0,0,0,0,0,0,0,0,19,0,0,0,0,0,1,1,0,0,0,0,0,0,0,0,0,0,0,3,0,1,0,0,1,0,0,0,0,0,0,0,0,0,0,0
chilling audio from israeli medic reveals last moments_output.json,R-KUt4Pp_-M,20231019,735,0,0,0,0,0,0,0,0,0,0,0,0,0,0,0,0,0,0,0,0,0,0,0,0,0,0,0,0,0,0,0,0,0,0,0,0,0,0,0,0,0,0,0,0,0,0,0,0,0,0,0,0,0,0,0,0,0,0,0,0,0,0,0,0,0,0,0,0,0,0,0,0,0,0,0,0
chris christie on what he thinks is top priority in israel-hamas war_output.json,8h7Raw-KFZE,20231112,1816,0,10,6,16,3,2,0,2,6,3,2,3,8,1,0,0,3,2,0,4,3,8,0,9,0,2,0,0,0,0,4,0,0,0,0,0,0,0,0,3,1,0,0,0,0,0,1,1,0,1,1,0,0,1,0,0,2,0,0,1,0,0,0,3,0,0,0,0,0,2,0,0,0,0,0,0
clarissa ward explains what aid has made it into gaza_output.json,43exO3on0c0,20231021,584,0,1,5,1,0,0,0,3,0,2,2,0,0,6,0,0,0,1,0,0,0,0,0,0,0,0,0,0,0,4,0,0,0,2,1,0,0,0,0,0,0,1,0,0,0,0,0,0,0,0,0,0,0,0,0,0,4,1,1,0,0,3,0,0,0,0,0,0,0,0,0,0,0,0,0,0
cnn anchor asks idf spokesman where palestinians were supposed to go after strike_output.json,,,1092,0,1,1,7,0,0,0,0,1,3,0,3,3,0,0,0,0,0,0,0,1,1,0,2,0,0,1,0,0,1,0,0,0,0,0,0,0,0,0,3,0,9,0,0,0,0,0,0,0,1,1,0,0,1,0,0,0,0,0,3,0,0,0,3,0,0,1,0,0,0,0,0,0,0,0,0
cnn anchor asks idf spokesperson if airstrikes have accomplished all they can_output.json,0QMzPkn3M0w,20231106,1543,0,3,11,13,2,0,0,0,1,6,0,2,8,11,0,0,0,0,0,0,3,2,3,20,4,0,0,0,0,0,0,3,0,1,2,0,0,0,0,1,0,0,0,0,0,0,0,0,0,2,1,1,0,1,0,1,0,0,0,3,0,0,0,0,0,0,0,0,0,0,0,0,0,0,0,0
cnn anchor breaks down questions surrounding 'tragic errors' in israel's war against hamas_output.json,RSh5z9IhleI,20240529,424,0,0,0,0,0,0,0,0,0,0,0,0,0,0,0,0,0,0,0,0,0,0,0,0,0,0,0,0,0,0,0,0,0,0,0,0,0,0,0,0,0,0,0,0,0,0,0,0,0,0,0,0,0,0,0,0,0,0,0,0,0,0,0,0,0,0,0,0,0,0,0,0,0,0,0,0
cnn anchor presses netanyahu adviser on civilian deaths at jabalya camp_output.json,JOINc6J8sn0,20231101,1389,0,0,0,0,0,0,0,0,0,0,0,0,0,0,0,0,0,0,0,0,0,0,0,0,0,0,0,0,0,0,0,0,0,0,0,0,0,0,0,0,0,0,0,0,0,0,0,0,0,0,0,0,0,0,0,0,0,0,0,0,0,0,0,0,0,0,0,0,0,0,0,0,0,0,0,0
cnn asked us national security adviser about israel using ‘dumb bombs’ in gaza_output.json,,,1977,0,12,3,7,3,0,0,1,3,2,0,3,4,3,0,0,2,0,0,3,1,0,0,4,0,3,0,0,1,1,2,6,1,0,0,0,0,0,0,0,2,0,0,0,0,0,0,1,0,0,0,0,0,0,0,0,0,0,0,1,0,0,0,0,3,0,0,0,0,0,0,0,0,0,0,0
"cnn asks netanyahu, ‘how much is too much’ hear his response_output.json",t-CfrPcQYCY,20240904,743,0,2,5,3,4,0,1,4,0,1,0,1,1,5,0,0,0,0,2,1,0,3,0,7,0,4,0,0,0,0,0,0,0,5,1,0,1,0,0,0,0,0,0,0,0,0,0,0,0,2,4,0,0,0,0,0,0,3,0,0,0,0,0,0,1,0,0,0,0,0,0,0,0,0,0,0
cnn correspondent breaks down new idf report on wck strike_output.json,xhpWPuYaRTE,20240405,1719,0,7,8,2,0,0,0,13,1,1,4,2,10,6,0,0,11,0,0,4,0,1,0,1,0,0,0,0,0,0,1,9,0,3,0,0,0,0,0,0,0,0,1,0,0,0,0,0,0,0,0,0,0,0,0,0,0,1,1,15,0,1,3,0,1,0,0,0,0,0,0,0,0,0,0,0
cnn forensic analysis suggests what may have caused gaza hospital blast_output.json,gji_20BZiDM,20231022,607,0,3,5,1,0,0,0,0,1,0,0,2,2,0,0,0,0,6,0,0,0,1,0,0,0,0,0,0,0,0,0,0,0,0,0,0,0,0,0,0,0,0,1,1,0,0,0,0,0,0,0,0,0,0,0,0,0,0,0,0,0,0,0,0,0,0,0,0,0,0,0,0,0,0,0,0
cnn goes into underground tunnel that idf claims was under gaza cemetery_output.json,34CxzZtVxnE,20240129,777,0,0,2,4,0,0,0,0,10,0,0,0,7,0,0,0,0,0,0,0,1,0,0,0,0,0,0,0,0,0,0,0,0,0,1,2,0,0,0,0,0,0,0,0,0,0,0,0,0,0,0,0,0,0,0,0,0,0,0,0,0,0,0,0,0,0,0,0,0,6,0,0,0,0,0,0
cnn presses idf spokesperson on firing at civilians seeking aid_output.json,mRrAnvDhuI4,20240229,1273,0,0,0,0,0,0,0,0,0,0,0,0,0,0,0,0,0,0,0,0,0,0,0,0,0,0,0,0,0,0,0,0,0,0,0,0,0,0,0,0,0,0,0,0,0,0,0,0,0,0,0,0,0,0,0,0,0,0,0,6,0,0,0,0,0,0,0,0,0,0,0,0,0,0,0,0
cnn presses idf spokesperson on the ratio of civilian casualties_output.json,,,1064,0,0,3,8,0,0,0,1,3,2,0,2,1,2,0,0,0,0,0,0,0,2,0,11,0,3,0,0,0,0,0,0,0,0,0,0,0,0,0,0,1,0,0,0,0,0,0,0,0,2,0,0,0,1,0,0,0,0,0,2,0,0,0,0,0,0,0,0,0,1,0,0,0,0,0,0
cnn producer tried to cross from gaza into egypt_output.json,,,439,0,1,3,0,0,0,0,0,0,0,0,0,0,0,0,0,0,0,0,0,0,0,0,1,0,0,0,0,0,1,0,0,0,0,0,0,0,0,0,1,0,0,0,0,0,0,0,0,0,0,0,0,0,0,0,0,0,0,0,0,0,0,0,0,0,0,0,0,0,0,0,0,0,0,0,0
cnn reporter embeds with idf in gaza_output.json,,,1026,0,2,11,4,5,0,0,0,2,1,4,2,2,3,0,0,0,1,2,0,3,4,0,5,0,1,1,0,0,0,0,0,0,0,0,0,1,0,0,1,0,0,0,0,0,0,0,0,0,1,0,0,2,0,0,0,0,0,0,6,0,0,0,1,0,0,1,0,0,0,0,0,0,0,0,0
cnn reporter lays out israel's evaluation of iran's alleged involvement in the hamas attacks_output.json,cy9fD07y4-w,20231012,1231,0,3,6,5,1,4,0,0,1,0,2,0,5,0,0,0,0,0,0,0,3,1,0,0,0,0,0,0,0,0,3,0,0,0,0,0,0,0,0,0,2,0,0,0,0,0,0,0,0,0,0,0,1,0,0,0,0,0,0,1,0,0,0,0,0,0,0,0,0,0,0,0,0,0,0,0
cnn reporter takes a look inside gaza hospitals 'on the brink of collapse'_output.json,3YborCsNNTo,20231021,2080,0,5,10,2,1,0,1,11,0,0,0,2,0,4,0,0,0,7,4,0,1,1,0,2,0,0,1,0,0,2,0,1,0,13,4,1,1,1,0,0,0,1,0,0,0,0,2,0,1,0,3,0,0,0,0,0,3,3,3,0,1,1,0,1,2,0,1,0,0,0,0,0,0,0,0,0
cnn tours israeli military base filled with seized hamas weapons_output.json,qGFzeKG3_r4,20231018,579,0,1,4,4,0,2,0,0,0,0,0,0,0,0,0,0,0,0,0,0,1,1,0,0,0,1,0,0,0,0,0,0,0,0,0,0,0,0,0,0,0,0,0,1,0,0,0,0,0,0,0,0,0,0,0,0,0,0,0,0,0,0,0,0,0,0,0,0,0,0,0,0,0,0,0,0
cnn video shows palestinian detainees blindfolded and barefoot near gaza border_output.json,fKoVfMVLk7A,20240127,2010,0,10,15,1,0,0,1,10,6,6,0,6,14,3,0,0,0,2,0,0,2,1,0,2,0,4,1,0,1,0,0,0,0,4,0,0,0,0,0,1,0,0,0,0,0,1,0,0,0,0,0,0,4,1,0,0,0,2,2,1,0,3,0,0,2,0,0,0,1,6,1,0,0,0,0,0
cnn visited a gaza hospital_output.json,,,2398,0,5,19,0,1,0,0,1,3,0,0,0,2,4,0,0,0,20,3,0,0,7,0,7,0,0,0,0,0,2,0,0,0,0,1,1,0,0,0,4,0,0,0,0,0,0,0,0,0,4,1,0,0,0,0,0,4,4,4,0,0,0,0,2,0,0,0,0,0,2,0,0,0,0,0,0
cnn witnessed first-hand results of israel's bulldozing of graveyards in gaza_output.json,RfFEkxvAhiE,20240119,657,1,2,6,0,2,0,0,0,6,2,0,0,4,0,0,0,0,0,0,0,1,0,0,0,0,0,0,0,0,0,0,0,0,0,0,0,0,0,0,0,0,1,0,0,0,0,0,1,0,0,0,0,1,0,0,0,0,0,0,0,0,0,0,0,0,0,0,0,0,1,0,0,0,0,0,0
conditions at gaza hospital deteriorate amid israel’s military operation_output.json,XMrnz6G1j1M,20231117,1957,1,10,21,17,1,0,0,1,2,6,1,0,6,2,0,0,0,24,4,0,0,2,0,8,0,3,0,0,0,0,0,0,0,2,1,0,0,0,0,0,4,0,0,0,0,0,0,0,1,0,2,0,1,0,0,0,2,1,1,4,2,0,0,2,0,0,0,0,0,1,0,0,0,0,0,0
cousin of hostage killed by hamas netanyahu's decisions made it impossible for hostages to return_output.json,rLMDQSzUzRM,20240902,1904,0,7,2,6,3,0,1,0,0,0,0,0,6,0,4,0,5,0,0,4,0,2,0,1,0,1,2,0,0,1,2,0,0,0,0,0,0,0,0,9,21,0,3,0,0,0,0,0,1,0,12,0,0,0,0,0,0,0,0,0,0,0,2,2,0,0,0,0,0,0,0,0,0,0,0,0
dad wants the world to hear this chilling call of his daughter being kidnapped_output.json,zW76wr0SA3E,20231019,553,0,1,1,4,0,0,0,0,0,0,0,0,4,0,0,0,0,0,3,0,0,3,0,0,0,1,0,0,0,0,0,0,0,0,2,0,0,0,0,2,4,0,0,0,0,0,0,0,1,0,0,1,0,0,0,0,0,0,0,0,0,0,1,0,0,0,0,0,0,0,0,0,0,0,0,0
deadly strike in golan heights raises fears of major escalation_output.json,SeDri9zeCgc,20240728,2186,0,5,0,0,8,2,0,0,6,0,0,0,10,0,0,0,1,1,10,4,5,2,8,2,5,0,0,0,0,0,1,0,0,0,0,0,0,0,0,2,0,0,0,0,0,0,0,0,0,2,0,0,0,0,0,3,0,0,0,0,0,0,1,1,0,0,0,0,0,6,0,0,0,0,0,0
dramatic video shows rockets fired into gaza_output.json,UWl2BivEwnM,20231102,2277,0,6,31,14,0,0,0,0,3,0,2,0,9,0,0,0,0,0,0,0,0,1,0,3,0,0,0,0,0,0,0,0,0,0,0,0,0,0,0,0,0,0,0,0,0,0,0,0,0,3,2,0,0,0,0,0,0,0,0,7,0,0,0,0,0,0,0,0,0,2,0,0,0,0,0,0
drone footage of war-torn gaza shows immense destruction_output.json,g2Ntxk_ZQTg,20231013,492,0,1,8,0,0,0,0,0,0,0,0,3,0,2,0,0,0,3,1,0,0,0,0,2,0,0,0,0,0,1,0,0,0,1,0,0,4,0,0,0,0,0,0,0,0,0,0,0,0,0,1,0,0,0,0,0,1,1,1,0,0,1,0,0,1,0,0,0,1,0,0,0,0,0,0,0
ex-cia director weighs in on the use of drones to locate hostages held by hamas_output.json,fRkHKa3I5bg,20231103,1123,0,9,3,11,4,2,0,1,2,2,2,1,2,5,1,0,3,0,0,3,1,0,4,0,0,0,0,0,0,0,1,1,0,1,0,0,0,1,0,0,8,0,0,0,0,0,0,0,0,0,0,0,0,3,1,0,0,0,0,1,0,0,0,0,2,0,0,0,0,0,0,0,0,0,0,0
ex-federal official explains why she resigned over us approach to gaza_output.json,Zv4Aciot4E0,20240329,1281,4,9,8,5,5,0,0,4,6,0,0,0,4,1,1,0,0,0,0,1,0,1,0,5,1,2,0,0,1,0,2,2,0,0,0,0,0,0,0,0,2,0,0,0,0,0,1,0,0,1,0,0,0,3,0,0,0,0,0,0,0,1,0,1,2,0,0,0,0,1,3,0,0,0,0,0
ex-us defense secy_output.json,,,1159,0,11,3,4,4,2,0,1,4,0,3,0,7,1,0,0,3,0,0,0,1,1,12,2,1,0,0,0,0,0,0,0,0,0,0,0,0,0,0,0,0,0,0,0,0,0,0,0,0,0,0,1,0,0,0,1,0,0,0,7,2,0,1,1,1,0,0,0,0,2,0,0,0,0,0,0
exclusive cnn meets israeli troops as tensions rise on lebanon border_output.json,71K-V7Du_FE,20231016,1949,0,26,14,5,7,2,0,2,2,0,2,0,9,2,0,0,0,0,1,2,3,1,8,3,6,2,0,0,0,3,1,1,0,0,1,0,0,0,1,3,3,0,0,0,0,0,0,0,0,0,0,1,1,0,0,0,0,1,1,1,0,0,0,0,5,0,0,0,1,2,0,0,0,0,0,0
exclusive icc prosecutor seeks arrest warrants against sinwar and netanyahu for war crimes_output.json,6BquEw4kNNE,20240520,5412,7,25,15,14,10,0,7,11,6,1,1,1,6,7,0,0,9,2,8,10,1,6,0,5,0,0,1,0,4,1,5,1,15,4,8,3,0,1,0,4,5,0,0,1,0,0,1,0,0,0,0,0,1,3,0,0,2,2,2,1,0,1,2,2,4,0,0,0,3,0,0,0,0,0,0,0
explosion heard in hezbollah stronghold in beirut_output.json,ErMsMa37UPk,20240730,1942,0,12,1,2,2,2,0,0,4,0,2,0,11,0,0,0,0,0,5,1,11,3,14,3,7,1,0,0,0,0,0,0,0,0,0,0,0,0,1,0,0,0,0,0,0,0,1,0,0,2,0,0,0,0,0,5,0,0,0,5,0,0,1,1,1,0,0,0,0,2,0,0,0,0,0,0
explosion interrupts live gaza interview_output.json,SvpifAzCMCI,20231012,1489,0,3,12,0,0,0,0,0,1,0,2,1,3,2,2,0,0,4,0,0,1,1,0,1,0,0,0,0,0,0,3,0,0,2,4,4,2,0,0,1,0,0,0,0,0,0,0,0,1,1,1,0,0,0,0,0,1,3,3,0,1,0,0,1,0,0,0,0,0,0,0,0,0,0,0,0
explosions go off during interview with american doctor trapped in gaza_output.json,V5AxIqP6OJM,20231010,613,0,2,2,3,0,0,0,0,0,0,3,2,3,0,0,0,1,0,1,1,0,0,0,0,0,0,0,0,0,1,0,0,0,0,0,0,0,0,0,0,0,1,0,0,0,0,0,0,0,0,0,0,0,0,0,0,0,0,0,1,0,0,0,0,0,0,0,0,0,0,0,0,0,0,0,0
family members of hamas hostages storm into israeli parliament_output.json,oj2fBUVFnUU,20240131,654,0,3,2,0,1,0,0,0,0,0,0,0,1,0,0,0,0,0,2,0,0,0,0,0,0,0,0,0,0,0,0,0,0,0,0,0,0,0,0,4,4,0,0,0,0,0,0,0,0,0,0,0,0,0,0,0,0,0,0,0,0,0,1,0,0,0,0,0,0,0,0,0,0,0,0,0
family members of hostages held in gaza desperate to be reunited_output.json,gX7tBAfy8XE,20231105,1058,0,0,2,5,1,0,0,0,0,0,0,0,1,0,2,0,0,0,0,1,0,1,0,0,0,1,1,0,0,0,0,1,0,0,0,0,0,1,0,7,6,0,0,0,0,0,0,0,0,0,0,0,0,0,0,0,0,0,0,0,0,0,0,1,0,0,0,0,0,0,0,0,0,0,0,0
fareed shares what the 'severest setback' would be for hamas now_output.json,GI0810gD6Eg,20231016,900,0,12,3,11,5,6,0,0,1,2,0,6,4,1,0,0,5,0,0,1,2,1,3,2,0,1,1,0,1,1,1,0,0,0,0,0,0,1,0,0,0,0,0,0,0,0,0,0,0,1,0,0,0,0,0,0,0,0,0,0,1,0,1,0,1,0,1,0,0,0,0,0,0,0,0,0
fareed zakaria does anyone believe in free speech anymore_output.json,0Gw8OFkD_iE,20231113,1011,0,4,1,6,2,0,1,0,1,0,0,1,1,0,0,0,0,0,0,0,5,0,0,0,0,3,0,0,0,0,6,0,2,0,0,0,0,0,0,0,0,0,2,0,0,0,0,0,0,0,0,0,0,1,0,0,0,0,0,0,0,0,0,1,2,0,0,0,0,0,1,0,0,0,0,0
fareed's take the scope of the israel-hamas war is widening_output.json,QT5-gNOUhCQ,20240226,975,0,4,2,1,6,0,0,0,2,0,2,1,4,0,0,0,2,0,0,1,2,2,3,0,1,0,0,0,0,0,0,0,0,0,0,0,0,0,0,0,0,0,0,0,0,0,0,0,0,0,0,1,0,0,0,0,0,1,1,1,0,0,0,1,1,0,0,0,0,0,0,0,0,0,0,0
father of 8-year-old girl believed to be taken by hamas describes relentless search for daughter_output.json,_zbjTW0J1LQ,20231115,1543,0,1,6,5,1,0,0,0,0,0,0,0,0,0,0,0,1,0,4,1,1,1,0,0,0,1,0,0,0,0,5,2,0,0,1,0,0,0,0,2,5,0,0,0,0,0,0,0,0,0,2,0,0,0,0,0,0,0,0,0,0,0,0,1,0,0,0,0,0,0,0,0,0,0,0,0
father of 9-year-old hostage reveals what daughter told him after her release_output.json,k808GLtoVck,20231128,1211,0,1,2,3,0,0,0,0,0,0,0,0,0,0,0,0,0,1,2,0,1,5,0,0,0,0,0,0,0,0,0,0,0,0,0,0,3,0,0,5,5,0,0,0,0,0,0,0,0,0,0,0,0,0,0,0,0,0,0,0,0,0,0,3,0,0,0,0,0,0,0,0,0,0,0,0
"flags burned, monuments graffitied and us flags replaced with palestinian ones by protesters_output.json",jJkdgDneBho,20240724,2415,0,7,8,2,1,5,0,1,0,2,6,3,6,1,0,0,7,0,2,9,0,1,1,2,0,0,0,0,0,0,1,1,0,0,0,0,0,0,0,0,5,0,3,0,0,0,0,1,0,0,2,0,2,0,0,0,1,1,1,2,1,0,0,0,3,0,0,0,0,0,0,0,0,0,0,0
former defense secretary discusses the role the us plays in middle east tensions_output.json,wSbnaKBRTqM,20240809,1728,0,22,5,3,9,9,0,1,4,0,1,0,3,4,0,0,8,0,0,3,4,2,5,1,1,0,0,0,0,2,0,3,0,0,0,0,0,4,0,0,3,0,0,0,0,0,0,0,0,0,0,0,0,0,0,1,0,0,0,0,0,0,0,0,5,0,0,0,0,0,0,0,0,0,0,0
former idf soldier believes israel is making 'a catastrophic mistake' in gaza_output.json,xliqJ6pxx08,20231107,2072,0,6,4,21,3,0,0,0,6,2,6,14,12,0,0,0,0,0,0,2,1,5,0,10,0,4,0,0,2,0,0,0,0,1,1,0,0,1,0,3,0,0,0,0,0,0,2,0,0,1,0,0,4,3,0,0,1,0,0,0,0,0,0,5,1,0,0,0,0,0,3,1,0,0,0,0
former us general says it will be 'exceedingly difficult' to destroy hamas_output.json,HnlI0ToSnro,20231022,1061,0,3,4,7,2,0,0,0,2,2,2,2,0,1,0,0,0,0,0,0,2,0,4,2,0,0,0,0,2,0,2,0,0,0,0,0,0,0,3,0,1,0,0,3,0,0,0,0,0,1,0,0,0,1,0,0,0,0,0,1,0,0,0,0,0,0,0,0,0,0,0,0,0,0,0,0
freed israeli mother asked what she feared most in captivity_output.json,,,1111,0,4,2,7,1,0,0,0,0,0,0,0,0,0,0,0,0,5,5,0,0,0,0,0,0,1,0,0,0,0,0,0,0,0,1,0,0,0,0,3,6,0,0,0,0,0,0,0,0,0,0,0,0,1,0,0,0,0,0,0,0,0,0,1,0,0,0,0,0,0,0,0,0,0,0,0
"gaza needs 640,000 polio vaccines_output.json",,,1336,0,2,9,1,3,0,0,0,0,0,0,1,0,2,3,0,0,1,9,0,0,0,0,0,0,0,0,0,1,0,1,0,0,0,0,0,3,0,0,1,0,1,0,0,0,0,0,0,0,0,1,0,0,0,0,0,0,1,1,0,0,1,0,0,0,0,0,0,1,0,0,0,0,0,0,0
gaza's only power station runs out of fuel_output.json,0evi5X6jK4E,20231011,1432,0,9,20,7,1,0,0,0,0,0,2,1,4,3,0,0,0,2,0,1,1,1,0,5,0,0,0,0,0,1,0,0,0,2,2,1,0,0,0,1,0,0,0,0,0,0,0,0,1,0,1,0,0,0,0,0,5,0,0,2,1,0,0,0,0,0,0,0,0,0,0,0,0,0,0,0
gaza's second largest hospital collapses under israeli bombardment_output.json,Xyxjo2z9W50,20231113,626,0,0,0,0,0,0,0,0,0,0,0,0,0,0,0,0,0,0,0,0,0,0,0,0,0,0,0,0,0,0,0,0,0,0,0,0,0,0,0,0,0,0,0,0,0,0,0,0,0,0,0,0,0,0,0,0,0,0,0,0,0,0,0,0,0,0,0,0,0,0,0,0,0,0,0,0
graphic video shows scale of devastation in rafah_output.json,Re0m_Zdhc-Q,20240527,429,0,0,0,0,0,0,0,0,0,0,0,0,0,0,0,0,0,0,0,0,0,0,0,0,0,0,0,0,0,0,0,1,0,0,0,0,0,0,0,0,0,0,0,0,0,0,0,0,0,0,0,0,0,0,0,0,0,0,0,0,0,0,0,0,0,0,0,0,0,0,0,0,0,0,0,0
gunfire breaks out at key gaza crossing for aid trucks_output.json,pl1Qj7ev3t0,20231224,2053,0,8,16,3,2,4,0,4,4,2,10,1,5,1,0,0,0,0,0,0,11,0,1,0,0,0,0,0,0,1,1,1,0,1,2,0,0,0,0,1,0,0,0,0,0,0,0,0,0,0,0,0,1,0,0,1,0,2,2,2,0,0,0,0,0,0,0,0,0,2,0,0,0,0,0,0
hamas announces yahya sinwar as head of political bureau_output.json,MWCj5pErbl0,20240806,2192,0,12,10,18,3,8,0,0,6,0,6,0,2,0,2,0,1,0,0,0,10,2,11,2,1,0,1,0,1,0,0,0,0,0,0,0,0,7,1,0,1,0,0,0,0,0,0,0,0,1,1,1,0,0,0,1,0,0,0,0,0,0,0,2,0,0,1,0,0,1,0,0,0,0,0,0
hamas attack survivor details escape from terrorists_output.json,uwqXAoZzVyw,20231129,1069,0,0,0,0,0,0,0,0,1,0,0,0,0,0,0,0,0,0,0,0,0,2,0,0,0,0,1,0,0,0,0,0,0,0,0,0,0,0,0,1,0,0,0,0,0,0,0,0,0,0,1,0,0,0,0,0,0,0,0,0,0,0,0,2,0,0,0,0,0,0,0,0,0,0,0,0
hamas fires hundreds of rockets at israeli city_output.json,aQIWFW0RUUE,20231010,1615,0,3,11,9,0,0,0,0,0,0,0,0,3,0,0,0,0,0,0,0,6,0,0,0,0,0,0,0,0,0,0,0,0,0,0,0,0,0,0,0,0,0,0,0,0,0,0,0,0,1,0,1,0,0,0,0,0,0,0,0,0,0,0,0,0,0,0,0,0,0,0,0,0,0,0,0
"hamas leader was killed by explosive device planted months before explosion, source says_output.json",12_YTNLq3NY,20240801,1530,0,10,0,5,1,7,0,0,1,0,6,0,4,0,0,0,0,0,0,0,1,4,2,0,0,0,0,0,0,0,0,0,0,0,0,0,0,0,0,0,0,0,0,2,0,0,0,0,0,0,0,0,0,3,0,0,0,0,0,0,0,0,0,0,0,0,0,0,0,0,0,0,0,0,0,0
hamas militant's bodycam shows how attacks on israel began_output.json,nDn10nDnk_k,20231116,1402,0,0,0,0,0,0,0,0,0,0,0,0,0,0,0,0,0,0,0,0,0,0,0,0,0,0,0,0,0,0,0,0,0,0,0,0,0,0,0,0,0,0,0,0,0,0,0,0,0,0,0,0,0,0,0,0,0,0,0,8,0,0,0,0,0,0,0,0,0,0,0,0,0,0,0,0
"hamas offered ‘extraordinarily generous’ ceasefire proposal, blinken says_output.json",hkKjdA2itXk,20240429,1840,0,11,12,10,2,0,0,0,1,2,0,2,4,1,0,0,1,0,0,4,0,0,0,1,0,0,0,0,0,0,3,3,0,0,0,0,0,0,0,0,6,0,0,0,0,0,0,0,0,0,0,1,0,0,1,0,0,0,0,0,0,0,0,1,0,0,0,0,0,0,0,0,0,0,0,0
hamas official reveals intent behind assault on israel on russian tv_output.json,kufj_iN41Gc,20231012,499,0,5,1,9,0,1,0,0,0,4,0,0,4,0,0,0,0,0,0,0,3,2,0,1,0,0,1,0,1,0,0,0,0,0,0,0,0,0,0,0,3,0,0,0,0,0,0,0,0,0,1,0,0,0,2,0,0,0,0,0,0,0,0,0,0,0,0,0,0,0,0,0,0,0,0,0
"hamas political leader ismail haniyeh killed in tehran, hamas and iranian media say_output.json",XTO1PUkVkvo,20240731,13,0,0,0,1,0,0,0,0,0,0,0,0,0,0,0,0,0,0,0,0,0,0,0,0,0,0,0,0,0,0,0,0,0,0,0,0,0,0,0,0,0,0,0,0,0,0,0,0,0,0,0,0,0,0,0,0,0,0,0,0,0,0,0,0,0,0,0,0,0,0,0,0,0,0,0,0
hamas propaganda video shows guerrilla warfare tactics_output.json,0W57OwQkaEg,20231110,1832,0,1,14,7,1,0,0,1,5,0,0,2,12,1,0,0,1,1,1,2,1,0,0,2,0,0,0,0,0,0,0,0,0,2,5,0,0,0,0,5,1,2,0,0,0,0,0,0,0,0,0,1,0,0,0,0,1,2,2,3,0,1,0,2,0,0,0,0,1,3,0,0,0,0,0,0
hamas releases first video of a hostage taken to gaza_output.json,AlLZ07tIOxU,20231017,1759,0,7,6,10,3,0,0,0,0,0,0,0,1,0,0,0,0,0,2,0,2,1,0,1,0,0,1,0,0,0,0,0,0,2,0,0,0,2,0,3,8,0,0,0,0,0,0,0,0,0,0,0,1,1,5,0,0,0,0,0,0,0,0,0,0,0,1,0,0,0,1,0,0,0,0,0
hamas says it has agreed to ceasefire proposal from egypt and qatar_output.json,2fgF6OBxURA,20240506,2324,0,7,5,16,3,0,0,0,2,2,4,2,8,0,9,4,1,0,0,5,0,0,0,1,0,0,0,0,0,2,0,2,0,0,0,0,0,3,0,1,8,0,0,0,0,0,0,0,0,0,0,0,1,0,2,0,0,0,0,0,0,0,1,0,0,0,0,0,0,0,0,0,0,0,0,0
"hamas will pay ‘the way the nazis paid in europe,' says former idf intel chief_output.json",2UoGKEuW7jI,20231011,1297,0,10,9,13,6,1,0,0,6,0,0,0,3,0,0,0,0,0,1,2,3,3,1,0,0,0,1,0,0,0,0,1,0,0,0,0,0,0,0,1,0,0,0,0,0,0,0,0,0,0,0,1,1,0,0,0,0,0,0,3,0,0,0,0,0,0,0,0,0,1,0,0,0,0,0,0
hamas-controlled health ministry says at least 250 killed in gaza in 24 hours_output.json,PC6mg0R5fSY,20231225,1781,0,14,13,14,7,0,0,0,5,0,4,1,8,0,0,0,5,0,0,5,3,3,0,4,0,0,0,0,0,0,3,2,0,0,1,0,1,0,0,0,5,1,0,0,0,0,1,0,0,2,2,0,4,0,0,0,0,0,0,5,1,0,0,2,1,0,0,0,1,1,0,0,0,0,0,0
he quit the state department over us support for israel_output.json,,,2288,0,28,10,5,5,0,1,2,3,2,0,4,8,0,0,0,1,0,3,1,2,1,0,1,0,1,0,0,3,1,7,2,0,0,0,0,0,0,0,0,1,0,1,0,0,0,1,0,3,0,1,0,0,4,0,0,0,0,0,1,0,0,1,4,0,0,0,0,0,0,3,1,0,0,0,0
hear from american doctor finally out of gaza_output.json,4wJDe40On2k,20231103,1078,0,0,4,0,0,0,0,2,0,0,0,1,0,0,0,0,0,0,3,0,0,0,0,0,0,0,0,0,0,0,1,0,0,6,6,0,1,0,0,1,0,0,0,0,0,0,0,0,2,0,0,0,0,0,0,0,0,1,0,0,0,0,0,0,0,0,0,0,0,0,0,0,0,0,0,0
"hear from father who thought daughter was killed in hamas attack, and now told she may be alive_output.json",fMBIHdNqG_c,20231107,1099,0,0,3,3,0,0,0,0,0,0,0,0,2,0,0,0,0,0,0,0,2,2,0,0,0,0,0,0,0,0,1,0,0,0,0,0,0,0,0,2,4,0,0,0,0,0,0,0,0,0,5,0,0,0,0,0,0,0,0,0,0,0,0,1,0,0,0,0,0,0,0,0,0,0,0,0
hear israeli president's apology to family of killed hostage hersh goldberg-polin at his funeral_output.json,WOU0UAsJvE4,20240902,1739,0,6,0,3,0,1,0,0,2,0,2,0,2,1,0,0,5,0,0,3,2,1,0,0,0,0,2,0,0,0,1,3,0,0,0,0,0,2,0,10,10,0,0,0,0,0,0,1,0,0,1,0,0,2,0,0,0,0,0,0,0,0,0,2,0,0,2,0,0,0,0,0,0,0,0,0
hear jayapal's response after bash says some have been silent about hamas' use of sexual violence_output.json,1-CC53G5asI,20231203,2131,0,14,12,21,12,0,0,2,2,13,2,4,6,6,0,0,0,6,1,0,2,3,0,5,0,4,0,0,0,0,2,6,0,0,0,0,0,3,0,0,6,1,0,0,0,0,0,0,0,1,1,0,1,1,0,0,0,0,0,0,1,0,0,3,2,0,0,0,0,0,0,0,0,0,0,0
hear the strong message rep_output.json,,,1469,0,0,1,2,3,0,0,0,0,0,0,0,2,0,1,0,1,0,0,1,2,0,0,0,0,1,0,0,0,0,1,3,2,0,0,0,0,0,0,6,7,0,0,0,0,0,0,0,0,0,1,0,0,0,0,0,1,0,0,0,0,0,1,0,2,0,0,0,0,0,0,0,0,0,0,0
hear what a retired us colonel thinks hamas will do during truce_output.json,y5VpAKb0t1E,20231124,1698,0,5,6,17,2,0,0,0,3,0,6,0,3,0,0,0,0,0,1,1,0,0,0,0,0,0,0,0,0,0,2,0,0,0,0,0,1,0,0,1,5,0,0,0,0,0,0,0,0,0,0,0,0,0,3,0,0,0,0,0,0,0,0,0,0,0,0,0,0,0,0,0,0,0,0,0
hear what bernie sanders thinks about israel's response to hamas attack_output.json,GFYRmADgT1Q,20231105,2145,2,20,2,12,0,0,1,1,3,5,1,6,2,5,0,0,2,0,6,0,3,6,0,3,0,2,0,0,1,0,4,3,0,2,2,0,1,0,0,2,0,0,0,0,0,0,0,1,0,0,0,0,0,0,0,0,1,0,0,0,0,0,0,0,2,0,0,0,1,0,0,2,0,0,0,0
hear what college students think about biden amid israel-hamas war_output.json,0pD3Ww6P8jc,20231121,1977,2,7,1,6,3,0,1,0,0,1,0,3,4,1,0,0,0,0,1,1,0,1,0,1,0,0,0,0,0,0,5,15,1,0,0,0,0,0,0,0,0,0,1,0,0,0,0,4,0,0,0,0,0,0,0,0,0,0,0,0,0,0,0,1,1,0,0,0,0,0,0,0,0,0,0,0
hear what families of hamas' remaining hostages said about palestinian civilian deaths_output.json,GXU2TMpuluA,20231129,2697,0,3,4,13,0,0,0,0,1,1,0,2,4,2,0,0,1,0,5,0,0,5,0,2,0,1,0,0,0,1,2,3,0,0,0,0,0,0,0,15,23,0,1,0,0,0,0,0,0,0,0,0,1,1,0,0,0,0,0,5,0,0,1,1,0,0,0,0,0,1,0,0,0,0,0,0
hear what queen rania of jordan said about hamas and the 'root cause' of the conflict_output.json,ctAqSH8rOWE,20231106,639,0,7,6,5,2,0,0,0,0,0,2,0,0,2,1,0,0,0,0,0,2,2,0,7,0,0,0,0,0,0,0,0,0,0,0,0,0,0,0,0,1,1,0,0,0,0,0,0,0,0,2,0,0,4,0,0,0,0,0,0,0,0,0,0,0,0,0,0,0,0,1,0,0,0,0,0
hear what the israeli ambassador to the us says about plans for gaza after war_output.json,gTgMZmSdkHY,20231015,1086,0,6,8,17,11,0,0,0,1,5,3,2,5,1,0,0,0,0,0,1,4,1,0,3,0,2,1,0,0,0,0,0,0,0,0,0,0,0,0,0,6,0,0,1,0,0,0,0,0,0,0,0,0,2,2,0,0,0,0,0,0,0,0,0,1,0,1,0,0,0,0,0,0,0,0,0
hear what un official told amanpour about the reality in gaza_output.json,mQopuWAIons,20231103,1914,0,0,25,7,3,0,0,0,1,3,2,2,3,4,0,0,0,1,2,1,0,3,0,6,0,0,0,0,0,0,2,0,0,2,4,0,1,0,0,0,0,0,0,0,0,0,0,0,0,0,1,0,0,0,0,0,10,4,0,0,1,0,0,2,0,0,0,0,0,0,0,0,0,0,0,0
hear what vp harris says she told israel's netanyahu_output.json,D7eNeon9vKU,20240725,1798,0,12,9,4,8,2,0,0,1,4,0,3,2,2,3,0,4,0,1,3,0,0,0,2,0,1,0,0,0,0,1,8,0,2,0,0,0,0,1,1,5,0,0,0,0,0,0,1,6,1,1,0,0,1,0,0,0,0,0,0,0,0,0,1,1,0,0,0,0,1,0,2,0,0,0,0
hear woman’s account of her capture by hamas and escape_output.json,dAUW_XftETg,20231024,2346,0,1,3,2,0,0,0,0,0,0,2,0,1,0,0,0,0,0,7,0,1,6,0,0,0,8,0,0,0,0,0,0,0,0,0,0,0,0,0,1,2,0,0,0,0,0,0,1,0,0,0,0,0,3,0,0,0,0,0,2,0,0,0,0,0,0,0,0,0,0,0,0,0,0,0,0
her daughter was killed by hamas on october 7th_output.json,,,1616,0,3,2,6,3,1,0,0,0,0,0,0,1,0,1,0,0,1,1,0,1,1,0,0,0,1,0,0,0,0,0,0,0,0,0,0,0,2,0,1,10,0,0,0,0,0,0,1,0,0,0,0,0,0,0,0,0,0,0,0,0,0,0,2,0,0,0,0,0,0,0,0,0,0,0,0
horrifying video shows the moments at the site of israel music festival_output.json,0upJacn86cA,20231014,499,0,0,0,0,0,0,0,0,0,0,0,0,0,0,0,0,0,0,0,0,0,0,0,0,0,0,0,0,0,0,0,0,0,0,0,0,0,0,0,0,0,0,0,0,0,0,0,0,0,0,0,0,0,0,0,0,0,0,0,0,0,0,0,0,0,0,0,0,0,0,0,0,0,0,0,0
hostilities escalate between israel and hezbollah_output.json,nbk4KgOaRic,20240305,1090,0,0,0,0,0,0,0,0,0,0,0,0,0,0,0,0,0,0,0,0,0,0,0,0,0,0,0,0,0,0,0,0,0,0,0,0,0,0,0,0,0,0,0,0,0,0,0,0,0,0,0,0,0,0,0,0,0,0,0,1,0,0,0,0,0,0,0,0,0,0,0,0,0,0,0,0
house intel chair on why he thinks hamas released american hostages_output.json,KjA4Xz4bRU0,20231022,1817,0,14,9,15,0,2,0,6,0,8,5,2,3,2,0,0,0,1,0,0,2,0,0,2,0,7,0,0,0,0,7,2,0,0,0,0,1,2,0,0,13,0,0,1,0,0,0,0,0,0,0,0,0,0,0,0,0,0,0,0,0,0,0,1,6,0,0,0,0,0,0,0,0,0,0,0
house minority leader weighs in on funding for israel_output.json,QWIU3wf7bmI,20231101,855,0,0,0,0,0,0,0,0,0,0,0,0,0,0,0,0,0,0,0,0,0,0,0,0,0,0,0,0,0,0,0,0,0,0,0,0,0,0,0,0,0,0,0,0,0,0,0,0,0,0,0,0,0,0,0,0,0,0,0,0,0,0,0,0,0,0,0,0,0,0,0,0,0,0,0,0
how hamas is attempting to control the narrative_output.json,JCwNGCpjfrs,20231103,680,0,6,1,12,0,0,0,0,0,0,0,0,2,0,0,0,0,0,0,0,2,3,0,6,0,0,2,0,0,0,0,0,0,0,0,0,0,0,0,1,1,0,0,0,0,0,0,0,0,0,0,0,0,0,0,0,0,0,0,0,0,0,0,2,0,0,0,0,0,0,0,0,0,0,0,0
how hamas surpise attack on israel unfolded_output.json,hH8eMkO1CpA,20231009,285,0,0,0,0,0,0,0,0,0,0,0,0,0,0,0,0,0,0,0,0,0,0,0,0,0,0,0,0,0,0,0,0,0,0,0,0,0,0,0,0,0,0,0,0,0,0,0,0,0,0,0,0,0,0,0,0,0,0,0,1,0,0,0,0,0,0,0,0,0,0,0,0,0,0,0,0
how hamas trapped civilians at music festival_output.json,sScDHHNaHjI,20231014,1420,0,2,6,7,0,3,0,0,1,0,4,0,3,0,0,0,0,0,0,0,3,4,0,1,0,0,0,0,0,0,0,0,0,0,0,0,0,0,0,0,2,0,0,0,0,0,0,0,0,0,1,3,0,0,0,1,0,0,0,0,0,0,0,1,0,0,0,0,0,1,0,0,0,0,0,0
how hamas won and kept control in gaza_output.json,xTHV_9KHs8Q,20231010,1779,0,35,20,27,0,9,0,0,4,4,2,6,2,1,0,0,1,0,0,0,6,2,2,5,0,0,0,0,1,1,1,0,0,0,0,0,0,0,0,0,2,0,0,1,0,0,0,0,0,1,0,0,1,0,0,0,0,0,0,1,0,0,1,0,0,0,0,0,0,0,0,0,0,0,0,0
how israel is responding to hamas attacks with ‘siege’ on gaza_output.json,XCr6NkCZK9A,20231010,461,0,4,3,2,1,1,0,0,0,0,2,0,1,0,0,0,0,0,0,1,2,1,0,2,1,0,0,0,0,0,0,0,0,0,0,0,0,0,0,0,0,3,0,0,0,0,0,0,0,0,1,0,0,0,0,0,0,0,0,0,0,1,0,0,0,0,0,0,0,0,0,0,0,0,0,0
humanitarian worker describes why it's 'impossible' to evacuate northern gaza_output.json,lGXgCyZvBzo,20231022,1293,0,4,15,1,0,0,1,11,1,7,6,4,1,8,0,0,1,14,0,1,1,1,0,5,0,1,0,0,0,4,0,3,0,4,4,2,2,0,0,0,0,0,0,0,0,0,1,0,0,0,1,0,0,0,0,0,6,4,3,2,0,0,0,0,0,0,0,0,1,0,0,0,0,0,0,0
hundreds believed dead in gaza hospital blast_output.json,2ik5X1pVQYg,20231018,471,0,0,0,0,0,0,0,0,0,0,0,0,0,0,0,0,0,0,0,0,0,0,0,0,0,0,0,0,0,0,0,0,0,0,0,0,0,0,0,0,0,0,0,0,0,0,0,0,0,0,0,0,0,0,0,0,0,0,0,2,0,0,0,0,0,0,0,0,0,0,0,0,0,0,0,0
idf on alert amid reports of looming iranian attack against israel_output.json,LImFfgTRKnA,20240811,2085,0,12,0,6,3,15,0,0,7,0,4,0,5,0,0,0,3,0,0,0,9,2,6,1,1,0,0,0,0,0,0,2,0,0,1,0,0,1,0,0,2,0,0,0,0,0,0,0,0,1,1,0,0,0,2,2,1,1,1,0,0,0,0,0,1,0,0,0,0,1,0,0,0,0,0,0
idf says video shows hamas militant outside hospital with rpg launcher_output.json,TCqvBYBqC2Q,20231113,590,0,0,1,8,0,1,0,0,1,0,5,0,1,0,0,0,0,8,0,0,1,0,0,0,0,0,0,0,0,0,0,0,0,0,1,0,0,0,0,0,1,0,0,0,0,0,0,0,0,0,0,0,0,0,0,1,1,0,0,1,0,0,0,0,0,0,0,0,0,0,0,0,0,0,0,0
idf shows off alleged hamas tunnels and weapons factories_output.json,Rx7IARoX9Fg,20240109,945,0,2,16,8,7,0,0,0,9,0,0,1,10,1,0,0,0,0,3,0,0,2,0,8,0,0,1,0,0,0,0,0,0,0,0,0,1,0,0,0,0,0,0,0,0,0,1,0,0,2,1,0,0,0,0,0,0,0,0,1,0,0,0,0,0,0,0,0,0,7,0,0,0,0,0,0
idf spokesman says military working with officials to evacuate remaining hospital patients_output.json,p1S3BsnflMs,20231112,2043,0,3,7,16,2,0,0,0,12,8,0,2,5,3,0,0,0,19,1,0,0,3,0,12,0,1,0,0,0,0,0,2,0,0,0,0,1,1,0,0,6,0,0,0,0,0,0,0,0,1,0,0,0,3,0,0,0,0,0,6,2,0,1,0,0,0,0,0,0,1,0,0,0,0,0,0
idf spokesperson shares how hostages were found_output.json,99J4g9bwZAY,20240901,1969,0,8,3,11,0,0,0,0,0,0,2,1,6,0,1,0,1,0,0,1,0,4,0,3,0,5,3,0,0,0,0,2,0,0,0,0,0,1,0,8,22,0,1,0,0,0,0,0,0,0,0,0,1,0,0,0,0,0,0,5,0,0,0,1,1,0,0,1,0,0,0,0,0,0,0,0
idf spokesperson ‘we’ll do what’s needed’ to stop attacks_output.json,XkAVyXHFHEQ,20231010,1487,0,16,8,13,6,1,0,0,1,0,1,0,6,0,0,0,2,0,3,2,8,3,5,7,0,2,0,0,0,0,0,0,0,0,0,0,0,0,0,7,3,0,0,0,0,0,0,0,0,1,1,0,0,0,0,0,0,1,0,2,0,0,0,0,1,0,0,0,0,0,0,0,0,0,0,0
idf takes cnn to tunnel shaft near gaza hospital_output.json,,,1783,0,5,9,15,1,0,0,0,3,0,4,0,2,0,0,0,0,15,0,0,0,1,0,1,0,0,0,0,0,0,0,0,0,0,0,0,2,1,0,0,12,0,0,0,0,0,0,0,0,0,0,0,0,0,0,0,0,0,0,13,0,0,0,0,0,0,0,0,0,2,0,0,0,0,0,0
"in rare announcement, us says guided missile sub has arrived in middle east_output.json",WYOrk2tpKaQ,20231106,1403,0,12,18,10,5,4,0,0,3,3,1,1,5,0,0,0,1,0,2,1,6,1,0,7,0,0,0,0,0,0,0,1,0,0,0,0,1,0,1,0,0,0,0,0,0,0,1,0,0,1,1,0,0,0,0,0,0,0,0,3,0,0,0,0,0,0,0,0,0,1,0,0,0,0,0,0
inside the network of hamas tunnels under gaza_output.json,ndqjS_QYtU0,20231026,575,0,0,2,1,0,0,0,1,0,0,2,1,3,0,0,0,0,0,0,1,0,0,0,1,0,0,1,0,0,0,0,0,0,0,0,0,0,0,0,0,0,0,0,1,0,0,0,0,0,0,0,1,1,0,0,0,0,0,0,1,0,0,0,0,0,0,0,0,0,0,0,0,0,0,0,0
intense bombardment on gaza city picks up during on-air segment_output.json,,,1682,0,3,16,7,2,0,0,0,0,6,8,3,4,0,0,0,0,0,1,0,0,2,0,0,0,4,1,0,0,1,0,0,0,0,0,0,0,0,0,0,5,0,0,0,0,0,0,0,0,0,1,0,1,1,0,0,0,0,0,2,0,0,0,0,0,0,0,0,0,0,0,0,0,0,0,0
iran accuses israel of killing top commander in airstrike_output.json,UX-_To2fh50,20240401,1654,0,22,2,0,3,10,0,0,5,0,6,0,6,0,0,0,3,0,0,3,5,5,5,1,3,0,0,0,0,0,0,0,0,0,0,0,0,0,0,0,0,0,2,0,0,0,2,0,0,2,0,0,0,0,0,2,0,0,0,2,0,0,1,0,4,0,0,0,0,1,0,0,0,0,0,0
iran deploys naval destroyer to red sea_output.json,vta0CkM8xW8,20240102,1373,0,1,0,0,0,10,0,0,2,0,0,0,0,0,0,0,0,0,0,0,4,1,0,1,0,0,0,0,0,0,2,0,0,0,0,0,0,0,0,0,0,0,0,0,0,0,1,0,0,0,0,3,0,0,0,0,0,1,0,0,0,0,0,0,4,0,0,0,0,0,0,0,0,0,0,0
israel and hamas on brink of hostage deal_output.json,Cf6inrhxXGc,20231121,1775,0,8,5,7,4,0,0,0,1,0,0,3,4,0,0,0,6,0,6,2,1,2,0,2,0,1,0,0,0,1,0,2,1,0,0,0,0,3,0,8,25,0,0,0,0,0,0,1,0,0,0,0,0,0,2,0,0,0,0,0,0,0,0,0,1,0,0,0,0,1,0,0,0,0,0,0
israel conducts west bank raids amidst conflict with hamas_output.json,vtF_tHyPjdo,20231020,596,0,4,0,2,2,0,0,0,5,16,0,5,9,0,0,0,0,1,0,0,0,2,0,0,0,0,0,0,7,0,0,0,0,0,0,0,0,0,0,1,0,1,1,0,0,0,0,0,0,0,1,0,1,1,0,0,0,0,0,0,0,0,0,0,0,0,0,0,0,5,1,0,0,0,0,0
israel defense force general recounts what he saw after hamas attack_output.json,bYxGjMCTFdE,20231011,1831,0,6,12,15,4,0,0,0,3,0,1,0,7,0,0,0,0,1,3,1,11,5,0,11,2,3,0,0,0,0,0,0,0,0,0,0,0,0,0,4,0,0,0,1,0,0,0,0,0,2,1,1,2,1,0,0,1,0,0,4,0,0,0,0,0,0,0,0,0,0,0,0,0,0,0,0
israel expands ground operations to all of gaza as fears of wider conflict grow_output.json,LGYbyvZdLVw,20231204,1165,0,7,7,3,2,6,0,0,3,2,4,0,3,0,0,0,0,0,0,0,15,1,5,2,5,0,0,0,0,0,0,0,0,0,0,1,0,1,0,0,1,0,0,0,0,0,0,0,0,0,0,0,0,0,0,1,0,0,0,1,1,0,0,0,0,0,0,0,0,1,0,0,0,0,0,0
israel forms emergency war cabinet_output.json,FD28jY6vkhs,20231011,1175,0,7,6,2,7,0,0,0,0,4,8,0,4,0,0,0,5,1,0,10,1,0,0,0,0,0,1,0,0,0,0,0,0,0,0,1,0,1,0,0,1,0,1,0,0,0,0,0,0,0,0,0,0,0,0,0,2,0,0,1,0,0,0,0,0,0,1,0,0,0,0,0,0,0,0,0
israel hostage release deal delayed until friday_output.json,h70bJk13-KE,20231123,1447,0,2,4,11,0,0,0,0,0,0,0,2,7,1,0,0,0,0,7,0,0,1,0,2,0,2,0,0,0,0,0,1,0,0,0,0,0,5,0,5,13,0,0,0,0,0,0,0,0,0,0,0,2,1,1,0,0,0,0,0,0,0,0,4,0,0,0,0,0,0,0,0,0,0,0,0
israel launches large-scale west bank raid_output.json,ErHNtXvopWw,20240828,1635,0,4,8,7,3,2,0,0,11,5,1,5,24,0,1,0,0,3,0,3,3,4,0,2,1,4,4,0,15,0,0,0,0,0,0,1,3,5,0,0,1,3,0,3,0,0,0,0,0,1,2,1,0,0,0,4,0,0,0,1,0,0,0,2,0,0,0,0,0,10,0,0,0,0,0,0
israel rescues 52-year-old hostage held by hamas in gaza in ‘complex operation’_output.json,OmnQ8h7aVyE,20240827,2037,0,6,12,5,1,0,0,0,11,5,0,4,24,1,1,0,0,2,0,0,1,3,0,1,0,0,0,0,0,0,0,0,0,0,0,0,0,1,0,11,35,0,0,0,0,0,0,0,1,2,1,0,0,0,0,0,0,0,0,1,0,0,4,5,1,0,0,0,0,9,0,0,0,0,0,0
israel resumes combat operations against hamas_output.json,xNMsk3a5USo,20231201,1861,0,21,18,12,2,0,0,6,2,4,6,2,2,4,0,0,2,0,3,1,0,2,0,6,0,0,0,0,0,0,0,2,0,0,0,0,2,7,0,0,7,1,0,0,0,0,0,0,0,2,0,0,1,0,0,0,0,0,0,4,0,0,0,0,0,0,0,0,0,0,0,0,0,0,0,0
israel targets hezbollah chief in beirut strike_output.json,m-HUwFLX6bo,20240730,2109,0,14,2,1,1,0,0,0,4,0,4,0,9,0,0,0,1,1,4,2,11,6,11,5,4,0,0,0,0,0,0,0,0,0,0,0,0,0,0,0,0,0,0,0,0,0,1,0,0,4,0,0,0,0,0,5,0,0,0,2,0,0,0,1,0,0,0,0,0,2,0,0,0,0,0,0
israel warns 1_output.json,,,1832,0,8,26,15,1,0,0,0,1,0,4,1,4,3,0,0,0,0,0,0,2,1,0,2,2,2,0,0,0,1,0,0,0,1,1,0,0,0,0,0,4,0,0,0,0,0,0,0,0,1,1,0,0,1,1,0,1,1,1,5,0,0,0,0,0,0,0,0,0,0,0,0,0,0,0,0
"israel warns of possible ‘all-out war’ after hezbollah publishes video of military, civilian sites_output.json",n_LixBP0vXE,20240619,1698,0,9,1,1,1,1,0,0,3,0,8,1,11,1,1,0,9,0,0,5,1,0,13,1,2,0,0,0,0,0,1,6,0,0,0,0,0,0,0,0,2,0,0,0,0,0,1,0,0,0,0,0,0,0,0,0,0,0,0,0,0,0,0,0,0,0,0,0,0,0,0,0,0,0,0,0
israel's president hamas' 'passive-aggressive' approach is an attempt to drive israel 'crazy'_output.json,EBoxkeoi6IQ,20231126,1794,0,12,7,14,8,1,0,1,2,6,6,2,5,6,0,0,0,4,0,1,1,0,0,0,0,1,3,0,0,0,0,2,0,0,0,0,0,1,0,7,9,0,0,0,0,0,0,0,0,0,0,0,0,2,2,0,0,0,0,0,0,0,1,2,1,0,0,0,0,0,0,0,0,0,0,0
israel's supreme court strikes down controversial change to judiciary_output.json,tJe-YtQigkA,20240101,1045,0,5,1,6,12,0,0,0,0,0,0,0,0,0,0,0,9,0,0,9,2,0,0,0,0,1,0,0,0,0,0,0,11,0,0,0,0,0,0,0,1,0,3,0,0,0,0,0,0,0,0,0,0,0,0,0,0,0,0,0,0,0,0,0,0,0,0,0,0,0,0,0,0,0,0,0
israeli defense minister warns of 'a long war'_output.json,s5H3HFGlGcg,20231016,1500,0,16,19,4,5,0,0,2,4,0,0,1,6,4,0,0,1,0,0,8,0,0,0,2,0,0,0,0,0,4,2,0,0,1,1,0,0,0,0,0,2,0,0,0,0,0,1,1,0,0,0,0,0,1,0,0,1,0,0,2,0,1,0,0,2,0,0,0,0,0,0,3,0,0,0,0
israeli father describes wife and daughters being taken by hamas as 'hell'_output.json,0oM8p96ZFNg,20231017,1640,0,0,2,1,0,0,0,0,0,0,0,0,0,0,0,0,0,0,1,0,1,1,0,0,0,0,0,0,0,0,0,0,0,2,0,0,0,0,0,3,1,0,0,0,0,0,0,0,0,0,0,0,0,0,0,0,0,0,0,0,0,0,0,0,0,0,0,0,0,0,0,0,0,0,0,0
israeli forces capture two hostages as strikes kill dozens of palestinians_output.json,4cb4puEKc1c,20240212,751,0,0,0,0,0,0,0,0,0,0,0,0,0,0,0,0,0,0,0,0,0,0,0,0,0,0,0,0,0,0,0,0,0,0,0,0,0,0,0,0,0,0,0,0,0,0,0,0,0,0,0,0,0,0,0,0,0,0,0,3,0,0,0,0,0,0,0,0,0,0,0,0,0,0,0,0
israeli forces prepare for potential ground operation_output.json,E4gzxOO-yQQ,20231011,634,0,6,6,6,0,0,0,0,4,0,0,0,8,0,0,0,0,0,0,0,1,1,0,0,0,1,0,0,0,0,0,0,0,1,0,0,0,0,0,0,0,0,0,0,0,0,0,0,0,1,0,2,0,0,0,0,0,1,1,2,0,0,0,0,0,0,0,0,0,0,0,0,0,0,0,0
israeli journalist says netanyahu is israel’s worst prime minister_output.json,m9pFYovnPcs,20240405,1056,0,8,4,0,6,0,0,2,4,0,3,0,5,4,1,0,13,0,0,7,0,0,0,0,0,0,0,0,0,0,4,6,0,0,0,0,0,0,0,0,2,0,1,0,0,0,0,0,0,0,0,0,0,0,0,0,0,1,1,0,0,0,1,0,1,0,0,0,0,1,0,0,0,0,0,0
israeli man sees his home for first time since hamas killed his family_output.json,tmJf7cFKxik,20231024,886,0,3,4,3,1,0,0,0,0,0,0,0,2,0,0,0,0,0,2,0,3,2,0,0,0,0,0,0,0,0,1,0,0,0,0,0,0,0,0,5,2,0,0,0,0,0,0,0,0,0,1,3,2,0,0,0,0,0,0,1,0,0,0,2,0,0,0,0,0,0,0,0,0,0,0,0
israeli military accidentally shoots and kills 3 israelis held hostage in gaza_output.json,t_TG4x1SplA,20231215,1478,0,8,6,8,3,0,1,0,6,1,1,2,18,0,0,0,0,1,1,1,3,5,0,8,0,2,0,0,0,0,0,2,0,0,0,0,1,1,0,4,17,0,0,0,0,0,0,0,0,1,0,0,3,0,0,0,0,0,0,10,0,0,1,5,0,0,0,0,0,5,0,0,0,0,0,0
israeli military analyst the legitimization window is closing quickly the longer israel waits_output.json,qdqqtQV5cMA,20231023,1790,0,4,8,8,3,0,0,2,2,0,2,3,6,3,0,0,8,0,1,3,4,1,1,2,0,0,0,0,0,0,0,1,0,0,0,0,2,1,0,0,3,0,0,2,0,0,0,0,0,0,0,3,2,0,0,0,0,0,0,3,0,0,1,0,0,0,0,0,0,0,0,0,0,0,0,0
israeli military captures palestinian side of rafah crossing_output.json,SibQrYYWyiA,20240507,898,0,0,0,2,1,0,0,0,1,0,2,1,0,0,0,0,0,0,0,0,0,1,0,0,0,0,0,0,0,0,0,0,0,0,0,0,0,0,0,0,1,0,1,0,0,0,0,0,0,0,0,0,0,0,0,0,0,0,0,0,0,0,0,0,0,0,0,0,0,0,0,0,0,0,0,0
israeli military on high alert for potential imminent attack by iran_output.json,HfeTzGlFL6c,20240812,2059,0,8,3,4,3,12,0,0,3,0,0,0,4,0,1,0,0,0,0,2,17,0,4,0,0,0,0,0,0,0,1,1,0,0,0,0,0,1,0,0,2,0,0,0,0,0,0,0,0,0,0,0,0,0,0,0,0,0,0,0,0,0,0,0,4,0,0,0,0,0,0,0,0,0,0,0
israeli military searches for hamas leader after surrounding gaza home_output.json,ggKyOAypMdc,20231208,621,0,6,3,9,1,0,0,0,1,2,12,3,9,0,0,0,0,0,1,0,1,3,0,0,0,0,0,0,0,0,0,0,0,0,0,0,0,0,0,1,0,0,0,0,0,0,0,0,0,0,0,0,3,0,1,0,0,0,0,0,0,0,0,2,1,0,0,0,0,1,0,0,0,0,0,0
israeli military shells southern lebanon in response to explosion at security fence_output.json,WA_LUFCj5LQ,20231013,1618,0,10,8,0,2,1,0,0,4,0,8,0,3,0,0,0,0,0,0,0,2,0,8,0,11,0,0,0,0,2,0,0,0,0,0,0,0,0,0,0,0,0,0,0,0,0,0,0,0,0,0,0,1,0,0,0,0,0,0,0,0,0,0,0,0,0,0,0,0,0,0,0,0,0,0,0
israeli minister benny gantz resigns from netanyahu's war cabinet_output.json,Ur7pc-OqXXM,20240609,1818,0,12,9,5,7,0,0,0,3,0,0,2,8,0,0,0,9,1,3,8,0,0,1,2,1,0,0,0,0,0,1,4,0,0,0,0,1,2,0,1,10,1,0,0,0,0,1,0,0,2,1,1,0,0,0,0,0,0,0,0,0,0,0,0,0,0,0,0,0,0,0,0,0,0,0,0
israeli mother of missing son sends message to hamas_output.json,J5tFbJRdZAw,20231009,513,0,2,3,3,0,0,0,0,0,0,0,0,1,0,0,0,0,0,0,0,0,0,0,0,0,0,0,0,0,0,0,0,0,0,0,0,0,0,0,0,1,0,0,0,0,0,0,0,0,0,0,0,0,0,0,0,0,0,0,1,0,0,1,0,0,0,0,0,0,0,0,0,0,0,0,0
israeli parents describe how they found out their son was kidnapped by hamas_output.json,9Pra0XtrEPA,20231021,1643,0,0,0,5,0,0,0,0,0,0,0,0,0,0,0,0,0,0,1,0,2,1,0,0,0,1,0,0,0,0,0,0,0,0,0,0,0,0,0,9,4,0,0,0,0,0,0,0,0,0,0,0,0,0,0,0,0,0,0,1,0,0,0,0,0,0,0,0,0,0,0,0,0,0,0,0
"israeli settlers attack west bank village, drawing condemnation from top officials_output.json",YZESvtqhfqs,20240816,1719,0,13,6,3,0,5,0,0,1,0,3,2,13,2,0,0,0,0,0,6,4,2,4,0,1,2,0,0,2,2,1,0,0,0,0,0,0,0,0,0,2,0,0,0,0,0,0,0,0,0,1,1,0,0,0,0,0,0,0,3,0,1,3,0,0,0,0,0,0,1,0,0,0,0,0,0
israeli soldier records himself blowing up a mosque_output.json,1D3uQbiE8No,20240216,965,0,4,6,0,6,0,0,0,3,0,0,0,6,0,0,0,0,14,0,0,3,0,0,1,0,0,1,0,0,0,0,0,0,0,0,1,1,0,0,0,3,0,0,0,0,0,0,0,0,0,0,0,9,0,0,0,1,1,0,12,2,0,0,4,0,0,0,0,0,1,0,0,0,0,0,0
israeli spokesperson reveals what's needed to extend israel-hamas truce_output.json,8ucI0Zl1mpk,20231127,1817,0,6,9,17,1,0,0,0,3,0,0,0,13,1,0,0,0,0,10,1,1,0,0,1,0,3,0,0,0,0,0,2,0,0,0,0,0,0,0,3,13,0,0,0,0,0,0,0,2,0,0,0,0,3,0,0,0,0,0,1,0,0,1,2,0,0,0,1,0,1,0,0,0,0,0,0
israeli teen opens up about choosing jail over military service_output.json,fhzEDGmWJV4,20240402,1664,0,6,9,1,15,0,0,8,9,0,1,2,10,0,1,0,0,7,2,1,1,3,1,3,1,2,1,0,0,0,0,0,0,2,0,0,3,0,0,0,1,1,1,0,0,0,0,0,0,1,0,0,0,0,0,0,0,0,0,2,0,1,0,0,0,0,0,1,0,1,0,0,0,0,0,0
"israeli troops have carried out local raids in gaza, idf says_output.json",3PntaOSdyto,20231013,1800,0,7,13,7,0,0,0,0,6,0,6,0,8,2,0,0,0,0,2,2,0,1,0,0,0,2,0,0,0,0,0,0,0,0,0,0,0,0,0,0,14,0,0,0,0,0,1,0,0,1,0,2,2,0,0,0,0,0,0,8,0,0,0,0,1,0,0,0,0,0,0,0,0,0,0,0
israeli troops kill 8-year-old boy during raid of west bank refugee camp_output.json,SkEwZOBeU3w,20231130,1167,0,4,5,1,3,0,0,0,2,6,5,10,11,0,0,0,0,1,0,0,1,2,0,1,0,1,0,0,4,0,0,0,0,0,0,0,0,0,0,1,0,0,0,0,0,0,0,0,0,0,1,1,4,0,1,0,0,0,0,1,0,0,2,0,2,0,0,0,0,1,0,0,0,0,0,0
israeli whistleblowers detail abuse of palestinians in shadowy detention center_output.json,Rh83jIwZjyY,20240510,1046,0,3,4,4,1,0,0,0,6,8,4,4,9,0,0,0,0,2,0,0,1,1,0,0,0,2,0,0,0,0,0,0,0,0,0,0,1,0,0,0,1,0,1,0,0,0,0,0,0,0,0,0,1,2,3,0,0,0,0,0,0,0,0,2,0,0,0,0,0,2,2,0,0,0,0,0
israel’s cabinet votes to approve hostage release deal_output.json,eJfzS5OzHxA,20231122,738,0,1,1,1,1,0,0,0,0,0,2,0,2,0,0,0,0,0,2,0,0,0,0,0,0,1,0,0,0,0,0,0,1,0,0,0,0,0,0,0,6,0,0,0,0,0,0,0,0,0,0,0,0,0,0,0,0,0,0,0,0,0,0,0,0,0,0,0,0,0,0,0,0,0,0,0
israel’s military amasses near gaza_output.json,2Z8fvTfQgUs,20231010,1292,0,4,7,12,1,0,0,0,5,0,2,1,5,0,0,0,1,0,0,1,4,1,0,3,0,1,0,0,0,0,0,0,0,0,0,0,0,0,0,1,8,0,0,0,0,0,0,0,0,1,0,1,0,0,0,0,0,0,0,1,0,0,0,0,1,0,0,0,0,1,0,0,0,0,0,0
"israel’s military tells 100,000 residents in eastern rafah to ‘evacuate immediately’_output.json",Dr-OKI2NEng,20240506,1787,0,16,7,2,0,0,0,1,5,5,0,3,4,2,1,0,2,0,2,3,1,0,0,8,0,2,0,0,0,0,2,4,0,1,1,0,0,2,0,0,1,1,0,0,0,0,0,0,0,1,1,0,0,0,0,0,0,0,0,4,0,4,0,1,1,0,0,0,1,1,0,0,0,0,0,0
jake sullivan clarifies us involvement in operation to rescue four israeli hostages_output.json,hRxrebQrR4o,20240609,1831,0,4,9,20,3,0,0,1,5,2,4,4,4,1,7,0,0,2,0,0,0,7,0,8,0,1,0,0,0,1,3,6,1,0,0,0,1,0,0,2,22,2,0,0,0,0,0,0,0,0,1,1,0,0,0,0,0,0,0,3,0,0,0,0,0,0,0,0,0,0,0,0,0,0,0,0
john bolton biden's red line on iran is disappearing_output.json,8IsuRY6leu4,20231106,1711,0,12,5,7,5,7,0,6,7,0,5,0,2,4,0,0,1,1,1,1,7,3,0,9,0,2,0,0,0,0,1,5,0,0,0,0,0,0,0,0,0,0,0,0,0,0,0,0,0,6,0,0,0,0,0,0,0,0,0,0,0,0,0,1,2,0,0,0,0,1,0,0,0,0,0,0
john bolton truce is a bad deal for israel_output.json,EKCtoGV4SmU,20231124,1451,0,19,3,15,2,0,0,0,3,0,6,1,6,0,0,0,0,0,0,2,0,0,2,1,0,1,0,0,0,0,0,2,0,0,0,0,0,0,0,1,4,0,0,0,0,0,0,0,0,0,0,0,0,1,0,0,0,0,0,0,0,0,0,0,2,0,0,0,0,0,1,0,0,0,0,0
jon stewart calls out us on gaza stance_output.json,,,1244,0,2,2,0,0,0,0,0,0,0,0,0,0,0,1,0,0,0,0,0,0,0,0,0,0,0,0,0,0,0,0,5,0,0,0,0,0,0,0,0,0,0,1,0,0,0,0,0,0,0,0,0,0,0,0,0,0,0,0,0,0,0,0,0,1,0,0,0,0,0,0,0,0,0,0,0
jordan says ceasefire in gaza only way to prevent region from the 'abyss of war'_output.json,y-LXLMj8sRc,20240807,1590,0,7,4,5,5,12,1,0,1,0,0,0,1,0,1,0,2,0,0,3,2,0,1,0,0,0,0,0,0,1,0,0,0,0,0,0,0,1,0,0,0,0,0,1,0,0,0,0,0,0,0,0,0,0,0,5,0,0,0,0,0,0,0,2,0,0,0,0,0,0,0,0,0,0,0,0
lebanese militant groups and israel exchange fire across border_output.json,wG8UShiEHYo,20231019,1033,0,8,1,2,6,1,0,0,4,0,0,0,5,0,0,0,0,0,0,1,2,0,9,0,8,0,0,0,0,0,1,0,0,0,0,0,0,0,0,0,0,0,0,0,0,0,0,0,0,0,0,1,0,0,0,1,0,0,0,1,0,0,0,0,0,0,0,0,0,2,0,0,0,0,0,0
man with loved ones in gaza shares heartbreaking reality behind family photo_output.json,Ejbl4AKhlj8,20231110,950,1,1,5,0,2,0,0,1,0,0,0,2,2,1,0,0,0,2,4,0,0,4,0,2,0,0,0,0,0,0,0,0,0,2,1,0,0,0,0,7,0,0,0,0,0,0,0,0,0,0,0,0,0,0,0,0,0,0,0,0,0,0,1,0,0,0,0,0,0,0,0,0,0,0,0,0
mike pence reacts to new polling about gop views of jan_output.json,,,2090,0,10,4,6,2,0,0,0,2,0,1,1,1,0,0,0,2,1,0,0,4,1,0,4,1,8,0,0,0,0,1,4,0,0,0,0,1,0,0,7,6,0,0,0,0,0,0,1,0,0,2,0,0,0,0,0,0,1,1,1,0,0,0,2,4,0,0,0,0,0,0,0,0,0,0,0
military analyst breaks down israeli evidence in gaza hospital blast_output.json,THV_OuzC9jM,20231019,1958,0,9,6,7,3,1,0,0,1,2,0,3,3,0,0,0,0,8,0,0,1,0,0,1,0,1,2,0,0,0,0,1,0,0,0,0,0,0,0,0,0,0,0,0,0,0,0,0,0,0,0,0,0,0,0,0,3,1,0,6,0,0,0,0,0,0,0,0,0,0,0,0,0,0,0,0
military analyst explosions may represent beginning of troop movement into gaza strip_output.json,wkep4n5zhA0,20231028,948,0,0,10,2,2,0,0,0,0,0,0,0,4,0,0,0,0,0,0,0,0,0,0,2,0,0,0,0,0,0,0,0,0,0,0,0,0,2,0,0,2,0,0,0,0,0,0,0,0,0,1,0,1,0,0,0,0,0,0,0,0,0,1,0,0,0,0,0,0,0,0,0,0,0,0,0
military analyst hamas is losing the second phase of their plan already_output.json,2FHmHpe2P6o,20231015,1020,0,7,6,11,2,5,0,0,1,1,6,1,1,1,0,0,0,0,0,0,2,0,3,3,0,1,0,0,0,1,0,1,0,0,0,0,0,0,0,0,2,0,0,0,0,0,0,0,0,0,0,0,0,1,0,0,0,0,0,0,0,0,0,0,1,0,0,0,0,0,0,0,0,0,0,0
military analyst on what can and can't happen during pause in gaza fighting_output.json,lQ_Ex8gxt-k,20231122,1261,0,13,7,12,2,0,0,0,4,0,0,0,6,3,1,0,4,0,0,3,0,0,1,0,1,0,0,0,0,0,0,0,0,0,0,0,0,0,0,0,9,0,0,0,0,0,0,0,0,0,0,0,1,2,1,0,1,0,0,0,0,0,0,0,0,0,0,0,0,2,0,0,0,0,0,0
military expert shows on map where israeli forces will face challenges in gaza_output.json,Cy6vewZo3jY,20231010,1059,0,12,6,5,5,0,0,0,3,0,0,0,1,0,0,0,0,0,0,0,3,0,5,2,1,0,0,0,1,0,0,0,0,0,0,0,0,0,0,0,1,0,0,0,0,0,0,0,0,3,0,0,0,0,0,0,0,1,0,1,0,0,0,0,0,0,0,0,0,0,0,0,0,0,0,0
mothers reunite with newborn babies evacuated from a gaza hospital_output.json,1pu4xNukFz8,20231207,645,0,1,5,2,3,0,0,0,0,0,0,0,1,0,0,0,0,4,1,0,0,0,0,0,0,1,0,0,0,1,0,0,0,0,0,0,0,0,0,0,0,0,0,0,0,0,0,0,0,0,0,0,0,0,0,0,0,0,0,0,0,0,0,0,0,0,0,0,0,0,0,0,0,0,0,0
multiple explosions in rafah after evacuation orders_output.json,,,555,0,3,2,2,0,0,0,0,0,0,0,1,0,0,0,0,0,0,0,0,1,1,0,1,0,0,0,0,0,1,0,0,0,1,0,0,0,0,0,0,0,0,0,0,0,0,0,0,0,1,0,0,0,0,0,0,0,0,0,0,0,0,0,0,0,0,0,0,0,0,0,0,0,0,0,0
"naked, handcuffed and blindfolded palestinian poet details time in israeli custody_output.json",Nju_fp_bCso,20231228,2147,0,8,18,11,5,0,0,0,0,4,0,6,9,0,0,1,0,0,10,0,2,7,0,2,0,0,2,0,0,1,0,1,0,0,0,0,0,0,0,2,0,0,0,0,0,0,0,0,0,0,1,0,4,0,0,0,0,0,0,8,0,0,0,3,0,0,0,0,0,0,0,0,0,0,0,0
"nearly half of israeli munitions dropped on gaza are ‘dumb bombs,’ us intelligence finds_output.json",v7xeZNcABHQ,20231214,1365,0,15,8,9,5,0,0,0,1,0,9,0,11,0,0,0,1,0,0,6,1,0,0,9,0,0,1,0,0,0,0,3,0,0,0,0,0,2,0,0,3,0,0,0,0,0,0,0,0,3,3,0,0,0,0,0,0,0,0,1,0,0,0,0,3,0,1,0,0,0,0,0,0,0,0,0
netanyahu adviser civilian casualty numbers from gaza should be taken 'with grain of salt'_output.json,QWYcX3zRbvg,20231016,1264,0,5,12,17,1,0,0,0,4,0,4,2,5,0,0,0,7,1,1,2,3,2,0,1,0,2,0,0,0,0,1,0,0,0,0,0,3,0,0,0,0,0,0,0,0,0,0,0,1,1,0,0,0,0,0,0,0,0,0,0,0,0,0,4,0,0,0,0,0,0,0,0,0,0,0,0
netanyahu shares 3 things to understand about the war_output.json,dBaQhSrsDYI,20231112,4420,0,16,11,25,7,0,0,1,1,1,2,7,5,2,0,0,3,15,8,3,5,6,0,18,0,8,2,0,2,0,5,0,0,0,0,0,0,1,0,3,22,0,0,0,0,0,0,0,0,3,0,0,0,0,0,0,0,1,1,0,0,0,0,2,2,0,0,0,0,1,0,0,0,0,0,0
netanyahu unveils plan for gaza’s future post-hamas_output.json,4bk68dV3rB8,20240223,1432,1,16,17,2,2,0,0,0,1,2,2,11,4,1,1,0,4,0,1,5,0,2,0,2,0,0,0,0,0,3,0,0,0,0,0,0,0,0,0,0,3,0,0,0,0,0,0,0,0,0,0,0,0,2,0,0,0,0,0,0,0,5,0,1,4,0,0,0,0,0,2,0,0,0,0,0
netanyahu's spokesperson says israel is defining 'gold standard of urban warfare' in gaza_output.json,zvhhevXbrZc,20231213,1577,0,13,6,11,4,0,0,1,6,0,2,5,3,0,0,0,6,0,0,5,0,3,0,11,0,2,0,0,0,0,1,2,0,0,2,0,0,0,0,1,5,0,0,0,0,0,0,0,1,3,0,0,1,1,1,0,0,0,0,8,0,0,1,2,0,0,0,0,1,1,0,0,0,0,0,0
new idf video appears to show hamas attempting to enter israel by sea_output.json,dPKox2abTik,20231026,515,0,3,3,4,0,0,0,0,1,0,2,1,2,0,0,0,1,0,0,0,0,2,0,0,0,0,0,0,0,0,0,0,0,0,0,0,0,0,0,0,0,0,0,0,0,0,0,0,0,0,0,0,0,0,0,0,0,0,0,0,0,0,0,0,0,0,0,0,0,0,0,0,0,0,0,0
nova music festival survivor reunites with man who saved her_output.json,jvqKs9TRKoE,20231221,844,0,3,1,1,0,0,0,0,0,0,0,0,1,0,0,0,0,0,0,0,1,3,0,1,0,2,0,0,0,0,0,0,0,0,0,0,0,0,0,2,0,0,0,0,0,0,0,1,0,0,0,1,0,1,0,0,0,0,0,0,0,0,0,3,0,0,0,0,0,0,0,0,0,0,0,0
nyt reporter says israel knew hamas's attack plan over a year ago_output.json,vu4Txxw9bOo,20231201,1847,0,11,3,24,5,1,0,0,6,0,0,1,18,0,0,0,8,0,0,4,8,0,1,0,0,0,0,0,0,0,0,1,0,0,0,0,0,0,0,0,0,0,0,0,0,0,0,0,0,0,2,1,0,0,0,0,0,0,0,0,0,0,2,2,0,0,0,0,0,0,0,0,0,0,0,0
"one day, israeli strikes will go 'too far,' expert tells amanpour_output.json",driPTM5SqUU,20240112,1823,0,10,1,5,10,6,0,0,0,4,6,6,5,1,0,0,0,0,0,4,3,0,12,0,7,0,0,0,0,0,1,0,0,0,0,0,0,0,0,0,1,0,0,1,0,0,1,0,0,0,0,0,0,0,0,4,0,0,0,0,0,0,1,2,0,0,0,1,0,0,0,0,0,0,0,0
palestinian american mourns 42 family members killed in a single day in gaza_output.json,4v6k0bINc34,20231104,643,0,2,5,2,0,0,0,0,0,4,0,1,1,0,1,0,0,0,1,0,1,2,0,0,0,0,1,0,0,0,1,0,0,0,0,0,0,0,0,14,0,0,0,1,0,0,0,0,0,0,1,0,0,0,0,0,0,0,0,0,0,0,0,0,0,0,1,0,0,0,0,0,0,0,0,0
palestinian men and boys describe abuse during detention by israeli forces_output.json,T8hM29eU2Gc,20231216,726,0,1,4,5,0,0,0,1,1,0,0,2,2,0,0,0,0,1,0,0,0,1,0,0,0,0,0,0,0,0,0,0,0,1,0,0,0,0,0,0,1,0,1,0,0,0,0,0,0,0,0,0,0,0,0,0,0,0,0,0,0,0,0,0,0,0,0,0,0,0,0,0,0,0,0,0
palestinian prime minister and government resign_output.json,8DadIzZa_M8,20240226,1825,0,5,11,3,3,0,0,1,2,9,2,13,17,1,0,0,2,2,0,5,2,8,0,1,0,1,1,0,13,0,1,1,0,0,0,0,1,0,0,5,3,1,0,0,0,0,0,0,0,0,2,2,3,1,2,0,0,0,0,3,0,0,5,3,0,0,0,0,0,1,1,0,0,0,0,0
palestinians are being shot while waving white flags_output.json,,,693,0,0,0,0,0,0,0,0,0,0,0,0,0,0,0,0,0,0,0,0,0,0,0,0,0,0,0,0,0,0,0,0,0,0,0,0,0,0,0,0,0,0,0,0,0,0,0,0,0,0,0,0,0,0,0,0,0,0,0,7,0,0,0,0,0,0,0,0,0,0,0,0,0,0,0,0
protesters walk out of jerry seinfeld's commencement speech_output.json,fIYS0H7J2SQ,20240513,1226,0,3,3,2,2,0,0,0,0,0,0,6,0,0,0,0,0,0,0,0,1,0,0,0,0,1,0,0,0,0,1,0,0,0,0,0,0,0,0,0,0,0,7,0,0,0,0,0,0,0,0,0,0,0,0,0,0,0,0,0,0,0,0,1,0,0,0,0,0,0,0,0,0,0,0,0
protests erupt near us embassy in lebanon amid gaza hospital blast_output.json,aKGBsmYXtFQ,20231018,1235,0,5,6,2,2,1,0,0,0,5,2,6,4,0,0,0,0,3,1,0,2,1,2,0,7,0,0,0,2,0,0,0,0,0,1,0,0,0,0,1,0,0,6,1,0,0,0,0,0,0,0,1,0,0,0,0,0,0,0,0,0,0,0,0,1,0,0,0,0,0,0,0,0,0,0,0
putin and xi refuse to condemn hamas attack on israel_output.json,Bvxi-BxPNFk,20231019,575,0,5,0,3,2,1,1,0,0,4,0,2,0,0,0,0,0,1,0,0,1,0,0,0,0,0,0,0,0,0,0,1,0,0,0,0,0,0,0,0,0,0,1,0,0,0,0,0,0,0,0,0,0,0,0,0,0,0,0,0,0,0,0,0,0,0,0,0,0,0,0,0,0,0,0,0
putin breaks silence on hamas attack on israel_output.json,a34zpFaoBoM,20231011,1399,0,16,3,16,4,10,0,0,1,4,10,0,4,0,0,0,1,0,0,2,13,3,3,0,0,0,0,0,0,0,4,1,0,0,0,0,0,0,0,0,0,0,0,0,0,0,0,0,0,0,1,0,1,0,0,0,0,0,0,2,0,0,0,0,1,0,0,0,1,0,0,0,0,0,0,0
putin seizes on israel-hamas war to rally against us_output.json,AZ3f0qxerKY,20231107,1313,0,13,6,10,7,0,1,1,1,3,0,3,1,1,0,0,1,1,0,3,2,3,0,3,0,0,2,0,3,0,0,0,0,0,0,0,0,0,0,0,3,0,0,0,0,0,0,0,0,0,0,0,1,0,0,0,0,0,0,1,0,0,0,3,2,0,1,0,0,0,0,0,0,0,0,0
qatar announces when israel-hamas truce will begin_output.json,cnzeS6Nb8z0,20231123,1904,0,3,6,8,3,0,0,0,1,2,0,1,4,0,0,0,2,0,3,2,0,0,0,2,0,0,0,0,0,0,1,0,0,0,0,0,0,0,0,3,19,0,0,0,0,0,0,0,0,0,0,1,1,0,1,0,0,0,0,3,0,0,1,0,0,0,0,0,0,0,0,0,0,0,0,0
queen rania there's a 'glaring double standard' in how world treats palestinians_output.json,OlOdM-qPCUI,20231024,1863,0,7,2,3,4,0,1,2,3,6,2,10,2,1,0,0,0,1,4,0,1,2,0,2,0,1,0,0,1,0,2,0,0,0,0,0,0,0,0,2,0,0,0,0,0,0,0,0,0,0,2,0,0,6,0,0,0,0,0,0,0,1,0,3,0,0,0,0,0,0,3,4,0,0,0,0
rabbi confronts president biden_output.json,ARPzwHM-6aY,20231102,1137,0,5,14,7,3,0,0,3,1,1,0,1,0,2,0,0,0,2,1,0,0,0,0,5,0,1,0,0,0,1,1,4,0,0,0,0,0,0,0,2,4,2,0,0,0,0,0,0,0,2,0,0,0,1,2,0,0,0,0,2,0,0,0,0,0,0,0,0,0,0,1,0,0,0,0,0
retired colonel military buildup around gaza ‘reminiscent of a scene from d-day’_output.json,C5Rv6c3NP3s,20231014,2333,0,7,14,9,6,0,1,0,3,20,22,8,6,1,0,0,0,0,1,0,1,3,1,7,0,1,0,0,1,0,0,0,0,0,1,0,0,0,0,2,0,1,0,0,0,0,0,2,0,2,3,0,1,2,0,0,0,0,0,2,0,0,0,0,0,0,0,0,0,1,0,0,0,0,0,0
retired colonel on what we can expect israelis to do if truce ends_output.json,mAfHpIIPCCM,20231129,2158,0,6,18,6,0,0,0,4,3,1,7,3,9,2,0,0,0,0,3,1,0,2,0,7,0,0,0,0,1,0,0,1,0,1,0,0,1,2,0,0,12,0,0,0,0,0,1,0,0,1,0,0,1,0,2,0,0,0,0,0,0,0,0,1,0,0,0,0,0,0,0,0,0,0,0,0
retired colonel points out key difficulty israeli troops would face in gaza_output.json,C7ROkhm2c5E,20231012,1153,0,2,12,1,0,0,0,0,1,0,0,0,7,0,0,0,0,0,0,0,0,0,0,2,0,0,1,0,0,0,0,0,0,0,0,0,0,0,0,0,2,1,0,0,0,0,0,0,0,0,0,0,0,0,0,0,0,0,0,1,0,0,0,0,0,0,0,0,0,0,0,0,0,0,0,0
retired colonel predicts israel’s next steps in war_output.json,y4Iv6W0dOhU,20231105,1610,0,7,7,2,3,0,0,1,2,0,6,5,1,4,3,0,1,0,0,1,0,0,0,2,0,0,0,0,0,1,1,0,0,0,0,0,0,0,0,0,2,1,0,0,0,0,0,0,0,0,0,0,0,0,0,0,2,0,0,1,0,0,0,0,0,0,0,0,0,0,0,0,0,0,0,0
retired colonel says killing of hamas political leader in iran could result in ‘major escalation’_output.json,BRONWoEBwLg,20240731,379,0,0,0,0,0,0,0,0,0,0,0,0,0,0,0,0,0,0,0,0,0,0,0,0,0,0,1,0,0,0,0,0,0,0,0,0,0,0,0,0,0,0,0,0,0,0,0,0,0,0,0,0,0,0,0,0,0,0,0,0,0,0,0,0,0,0,0,0,0,0,0,0,0,0,0,0
retired colonel this is the best option to respond to the killing of us troops in drone strike_output.json,QkW0Xf3b3LQ,20240129,1673,0,1,1,4,2,6,0,0,3,0,6,1,3,1,0,0,0,0,0,0,5,2,1,0,0,0,0,0,0,0,0,1,0,0,0,0,0,1,2,1,3,0,0,0,0,0,0,0,0,1,1,0,1,0,0,2,0,1,1,1,0,0,0,1,0,0,0,0,0,0,0,0,0,0,0,0
retired general the issue with palestinians leaving gaza_output.json,JaVjqS6fbBI,20231012,733,0,1,3,8,0,0,0,1,0,2,2,4,2,1,0,0,0,0,0,0,1,1,0,2,0,0,1,0,0,1,2,0,0,1,0,0,0,0,0,0,5,1,0,0,0,0,0,0,0,0,0,0,0,0,0,0,0,0,0,0,1,0,0,0,0,0,1,0,0,0,0,0,0,0,0,0
retired idf general criticizes israeli military we failed to defend civilians_output.json,A2S4Vi4F348,20231013,1762,0,6,4,5,1,1,0,0,3,0,0,0,5,0,0,0,0,0,3,1,1,4,0,2,0,1,0,0,0,0,0,0,0,0,0,0,0,0,0,0,0,0,0,0,0,0,0,0,0,0,0,0,3,4,0,0,0,0,0,1,0,0,0,0,0,0,0,0,0,0,0,0,0,0,0,0
ret_output.json,,,1750,0,9,14,12,4,0,0,0,16,0,4,2,19,1,0,0,1,0,5,8,1,1,0,1,0,0,1,0,0,0,0,0,0,0,0,0,0,2,0,7,20,0,0,0,0,0,0,0,0,0,0,0,3,0,1,0,0,0,0,1,0,0,3,0,0,0,0,0,0,6,0,0,0,0,0,0
samantha power describes 'devastating' humanitarian situation in gaza_output.json,RCxMyVIprCg,20240614,478,0,2,3,0,0,0,0,3,1,0,1,0,1,1,1,0,0,0,0,0,0,0,0,2,0,0,0,0,0,0,1,1,0,1,1,0,0,0,0,0,0,0,0,0,0,0,0,0,0,0,0,0,0,0,0,0,0,0,0,1,0,1,0,0,0,0,0,0,0,0,0,0,0,0,0,0
see inside tunnels idf alleges hamas used under khan younis_output.json,h0jZLZa-UQY,20240111,1265,0,5,4,4,3,0,0,0,1,0,0,1,0,0,0,0,0,0,0,0,0,0,0,1,0,1,0,0,0,0,2,0,0,0,0,0,0,0,0,0,6,0,0,0,0,0,0,0,0,0,0,1,0,0,0,0,0,0,0,7,0,0,0,0,1,0,0,0,0,0,0,0,0,0,0,0
see palestinian man's point of view while evacuating gaza city_output.json,9QlVX2XMtms,20231117,646,0,0,0,0,0,0,0,0,0,0,0,0,0,0,0,0,0,0,0,0,0,0,0,0,0,0,0,0,0,0,0,0,0,0,0,0,0,0,0,0,0,0,0,0,0,0,0,0,0,0,0,0,0,0,0,0,0,0,0,0,0,0,0,0,0,0,0,0,0,0,0,0,0,0,0,0
see protests in jerusalem calling for netanyahu to resign_output.json,YRKIfnQnWto,20240401,1697,0,11,5,11,5,0,0,2,0,3,21,1,10,0,0,0,8,0,1,3,0,0,0,2,0,0,0,0,0,1,0,0,0,0,0,0,0,1,0,2,12,0,4,0,0,0,0,0,0,0,0,0,0,0,0,0,0,0,0,0,0,2,0,1,0,0,0,0,0,0,0,0,0,0,0,0
see the new weapon israel is using to fight hamas_output.json,u1EYsf7b9_0,20231023,1918,0,11,1,7,1,1,0,0,0,0,10,4,3,1,1,0,4,0,0,0,0,0,1,1,0,0,0,0,0,0,0,3,0,0,0,0,1,1,0,1,9,0,0,0,0,0,0,0,0,0,1,0,0,0,0,0,0,0,0,3,0,0,1,0,0,0,0,0,0,0,0,0,0,0,0,0
see training camps used by hamas for attack on israel_output.json,koXBvLert_g,20231013,793,0,2,2,7,2,0,0,0,1,0,6,0,4,0,0,0,0,0,0,0,3,0,0,0,0,0,0,0,0,0,0,0,0,0,0,0,0,0,0,0,0,0,0,0,0,0,0,0,0,0,0,0,0,0,1,0,0,0,0,1,0,0,0,1,0,0,0,0,0,1,0,0,0,0,0,0
see what cnn reporter saw inside hospital basement in gaza_output.json,NP6raWKH7DA,20231114,1420,0,4,6,11,5,0,0,0,0,0,0,0,3,1,0,0,0,29,0,0,0,0,0,3,0,3,0,0,0,0,0,0,0,0,1,1,0,0,0,0,4,0,0,0,0,0,0,0,0,0,1,1,3,0,0,0,0,0,0,4,0,0,0,1,0,0,0,0,0,0,0,0,0,0,0,0
see what it looks like at egypt-gaza crossing where anger is growing_output.json,FAPu4FLd2pk,20231021,1036,0,4,4,0,3,0,1,6,0,1,0,4,1,4,0,0,0,1,0,0,1,0,0,2,0,0,0,0,0,2,0,1,0,2,2,0,0,0,0,3,0,1,2,0,0,0,1,0,0,0,1,0,1,0,0,0,2,0,0,0,0,0,0,0,0,0,0,0,2,0,0,0,0,0,0,0
see what life looks like in southern gaza for evacuees_output.json,ss0ASA9mcQ8,20231017,1840,0,13,16,15,3,3,0,2,6,2,4,4,3,2,0,0,1,0,2,1,1,5,1,9,0,1,2,0,0,0,1,3,0,1,2,0,2,0,0,3,0,1,0,1,0,0,0,0,0,1,1,1,0,0,0,2,2,2,2,1,0,0,0,0,0,0,1,0,0,1,0,0,0,0,0,0
see what trump said about us involvement in israel-hamas war_output.json,SBtJMBIG-n4,20231110,1083,0,4,1,1,2,0,0,0,0,0,0,2,1,0,0,0,1,0,0,1,0,0,0,1,0,0,0,0,0,0,1,0,0,0,0,0,0,0,0,0,0,0,1,0,0,0,0,1,0,0,0,0,0,0,0,0,0,0,0,0,0,0,0,0,0,0,0,0,0,0,0,0,0,0,0,0
senior hamas leader killed in attack in beirut_output.json,EOhZBj3Xidk,20240103,1659,0,8,1,10,7,3,0,0,4,0,2,0,3,0,0,0,1,0,0,0,13,9,4,0,3,1,0,0,0,0,0,2,0,0,1,0,0,0,1,0,0,0,0,0,0,0,0,0,0,0,0,1,0,0,0,2,0,0,0,1,0,0,0,1,4,0,0,0,0,0,0,0,0,0,0,0
she says israeli military killed her husband and daughter_output.json,,,1865,0,3,10,4,5,0,0,0,4,0,2,0,13,0,4,0,1,3,2,0,1,1,0,1,0,1,0,0,0,1,0,0,0,0,0,0,0,2,0,4,1,0,0,0,0,0,0,0,0,0,0,1,6,0,1,0,0,0,0,2,1,0,1,0,1,0,0,0,0,1,0,0,0,0,0,0
should congress set conditions on israel aid hear what this representative thinks_output.json,8NklBbp7BMI,20231202,1569,0,20,5,18,4,0,0,5,1,0,0,1,2,1,0,0,0,1,2,0,5,6,0,15,0,2,0,0,0,0,1,3,0,1,1,2,0,0,0,0,4,0,0,0,0,0,0,0,0,2,0,0,0,0,0,0,2,0,0,2,0,0,1,4,0,0,0,0,0,0,0,0,0,0,0,0
sources hamas used landlines to avoid detection and plan attack_output.json,nz7pS3Hwle8,20231024,2025,0,4,11,25,1,0,0,0,3,0,3,1,10,1,0,0,1,1,0,1,4,2,0,1,0,2,0,0,1,0,0,0,0,1,1,0,0,0,0,0,8,0,0,0,0,0,1,0,0,0,0,0,0,0,0,0,9,0,0,6,0,0,0,2,0,0,0,2,0,1,0,0,0,0,0,0
sources say 2 more hostages released by hamas_output.json,-S-CE_zE5wk,20231023,1321,0,6,7,12,1,0,0,0,2,0,0,0,8,1,0,0,0,0,0,0,0,0,0,1,0,0,1,0,0,3,0,0,0,0,0,0,0,2,0,2,15,0,0,0,0,0,0,0,0,0,0,0,0,0,1,0,0,0,0,6,0,0,2,0,0,0,0,0,0,0,0,0,0,0,0,0
tapper key members of netanyahu’s cabinet ‘throwing fire on the flames’_output.json,rFl2AuVhbMM,20231116,433,0,0,1,1,0,0,0,0,0,0,0,0,0,0,0,0,0,2,0,1,1,0,0,0,0,3,0,0,1,0,0,0,0,0,0,0,0,0,0,0,0,0,0,0,0,0,0,0,0,0,0,0,0,0,0,0,0,0,0,0,0,0,0,0,0,0,0,0,0,0,0,0,0,0,0,0
tensions rising among house democrats over gaza hospital explosion_output.json,yWBe2XYJZMs,20231020,755,1,8,0,1,0,0,0,0,0,2,2,2,0,0,0,0,0,1,0,0,0,1,0,1,0,1,0,0,0,0,0,1,0,0,0,0,0,0,0,0,0,0,0,1,0,0,0,1,0,0,0,0,0,0,0,0,0,0,0,0,0,0,0,0,0,0,0,0,0,0,0,0,0,0,0,0
the history of gaza in 2 minutes_output.json,zdq3NVtT6Nc,20231009,372,0,12,7,5,3,0,1,0,0,0,0,2,0,0,0,0,0,0,0,0,1,0,0,0,0,1,1,0,0,3,0,0,0,0,0,0,0,0,0,0,0,1,0,0,0,0,0,1,0,0,1,0,0,0,0,0,0,0,0,0,0,0,0,0,1,0,0,0,1,0,0,0,0,0,0,0
"the situation is absolutely ‘apocalyptic,’ says surgeon on his recent trip to gaza_output.json",9h8FeGqPO7w,20240530,2111,0,1,6,4,1,0,0,1,0,0,0,1,4,0,0,0,0,21,0,0,2,4,0,5,0,1,0,0,0,0,1,0,0,0,0,0,4,0,0,1,0,0,0,0,0,0,0,0,0,0,0,3,0,1,0,0,0,0,0,3,1,0,0,0,0,0,0,0,0,0,0,0,0,0,0,0
their loved ones are still held hostage by hamas_output.json,,,1457,0,3,2,9,0,0,0,0,1,1,0,1,3,1,0,0,1,0,3,0,0,5,0,2,0,0,0,0,0,1,1,3,0,0,0,0,0,0,0,8,11,0,0,0,0,0,0,0,0,0,0,0,1,1,0,0,0,0,0,5,0,0,1,0,0,0,0,0,0,1,0,0,0,0,0,0
this father went to get birth certificates for newborn twins_output.json,,,1456,0,11,5,10,1,4,0,0,3,0,0,1,7,0,0,0,5,4,3,5,2,3,0,0,0,0,0,0,0,2,0,2,0,0,0,0,1,1,0,0,1,0,0,0,0,0,0,0,0,0,1,0,0,0,2,0,0,0,0,0,0,0,2,0,2,0,0,0,0,1,0,0,0,0,0,0
this is how israel enabled qatar to send millions to gaza_output.json,JTQQKvdm7Ds,20231212,585,0,4,3,7,0,0,0,0,0,0,2,0,5,2,0,0,8,0,0,3,0,1,0,0,0,0,1,0,0,0,0,0,0,0,0,0,0,0,0,0,0,0,0,0,0,0,0,0,1,0,0,0,0,1,0,0,0,0,0,0,0,0,1,0,0,0,0,0,0,0,0,0,0,0,0,0
this israeli battalion has a history of abuse_output.json,,,973,0,5,4,0,1,0,0,0,2,5,0,4,6,0,0,0,3,0,0,0,0,0,0,0,0,0,0,0,1,0,1,0,0,0,0,0,1,0,0,0,1,0,0,0,0,0,0,0,0,0,3,0,11,5,0,0,0,0,0,2,0,0,0,1,0,0,0,0,0,1,4,0,0,0,0,0
thousands of palestinians flee south on foot as israel steps up offensive in gaza city_output.json,3N5Vu_28aNw,20231109,1237,0,13,11,2,3,3,0,0,6,4,0,0,8,1,0,0,0,2,1,2,4,1,0,0,0,0,2,0,0,0,0,0,0,0,1,0,0,0,0,1,0,0,0,0,0,0,0,0,0,0,0,0,0,0,0,1,2,1,1,0,0,0,0,0,0,0,0,0,0,2,0,0,0,0,0,0
threats of all-out war grow between israel and hezbollah_output.json,3-g3tHgUfW0,20240624,996,0,10,1,0,13,0,0,0,1,0,2,1,4,0,0,0,1,0,0,3,2,0,8,1,11,0,0,0,0,0,3,1,0,0,0,0,0,0,0,0,0,0,0,0,0,0,0,0,0,0,0,0,0,0,0,2,0,0,0,0,0,0,0,0,0,0,0,0,0,0,0,0,0,0,0,0
top un court orders israel to prevent genocide in gaza_output.json,yetveeYbHXc,20240126,1796,4,31,13,5,7,0,0,1,3,4,0,5,2,3,0,0,2,0,0,4,0,2,0,3,0,0,1,0,0,0,0,0,20,0,0,0,1,1,0,0,0,0,0,0,0,0,0,0,0,0,1,0,0,0,0,0,0,0,0,0,0,1,0,0,0,0,0,0,1,0,0,2,0,0,0,0
"two american hostages being released by hamas, sources say_output.json",9Hh0yIQ0zoo,20231020,2212,0,13,15,30,0,0,0,2,3,0,2,3,4,4,0,0,0,0,1,1,2,1,0,2,0,2,0,0,0,5,0,1,0,0,0,0,4,3,0,4,24,0,0,0,0,0,1,1,0,0,1,3,2,0,3,0,0,1,1,1,0,0,0,2,1,0,0,0,0,1,0,0,0,0,0,0
us has 'reason to believe' american will be released by hamas during exchange_output.json,Sr_jubWhmZM,20231126,1925,0,10,4,17,2,0,0,2,3,0,4,0,5,6,0,0,6,0,2,7,1,1,0,1,0,0,0,0,0,1,0,6,2,1,1,0,0,2,0,4,20,0,0,0,0,0,0,0,0,0,0,0,2,1,0,0,1,2,2,2,0,0,0,0,0,0,0,4,1,0,0,0,0,0,0,0
us intel hezbollah could be getting russian missile system_output.json,_BjBr7Kf8rA,20231103,1207,0,14,2,2,8,6,0,0,0,0,2,0,8,0,0,0,0,0,0,0,1,0,14,0,9,0,0,0,0,0,1,0,0,0,0,0,0,0,0,0,0,0,0,0,0,0,0,0,0,0,0,0,0,0,0,1,0,0,0,2,0,0,0,1,0,0,0,0,0,0,0,0,0,0,0,0
us intelligence warned of potential for gaza clash in days before attack_output.json,ViGf_NojEWg,20231013,2050,0,13,8,11,1,0,0,0,3,0,3,1,6,2,0,0,0,0,2,0,5,2,2,2,0,1,0,0,0,0,0,0,0,0,0,0,0,0,0,0,5,0,0,0,0,0,0,0,0,0,0,1,0,1,0,0,0,0,0,2,0,0,0,0,2,0,0,0,0,0,0,0,0,0,0,0
veteran reporter shows what it's like inside hamas tunnels under gaza_output.json,9LVVrfvv9BM,20231017,769,0,0,2,2,0,0,0,1,0,2,0,1,2,1,0,0,0,0,0,0,0,0,0,2,0,0,0,0,0,4,0,0,0,0,0,0,0,0,0,0,3,0,0,0,0,0,0,0,0,0,0,0,0,0,0,0,0,0,0,0,0,0,0,0,0,0,0,0,0,0,0,0,0,0,0,0
video appears to show children among palestinian men stripped and detained by idf_output.json,SowH3PeXNsw,20231228,712,0,0,0,0,0,0,0,0,0,0,0,0,0,0,0,0,0,0,0,0,0,0,0,0,0,0,0,0,0,0,0,0,0,0,0,0,0,0,0,0,0,0,0,0,0,0,0,0,0,0,0,0,0,0,0,0,0,0,0,0,0,0,0,0,0,0,0,0,0,0,0,0,0,0,0,0
video shows chaos and horror following israel's latest airstrike to refugee camp in gaza_output.json,pWd-0OiOI9M,20231102,999,0,0,0,0,0,0,0,0,0,0,0,0,0,0,0,0,0,0,0,0,0,0,0,0,0,0,0,0,0,0,0,0,0,0,0,0,0,0,0,0,0,0,0,0,0,0,0,0,0,0,0,0,0,0,0,0,0,0,0,5,0,0,0,0,0,0,0,0,0,0,0,0,0,0,0,0
video shows extensive airstrikes on gaza_output.json,6SVwfkHvlNg,20231027,1668,0,4,12,4,3,0,0,2,4,0,0,0,7,3,0,0,1,0,0,0,1,1,0,0,0,1,0,0,0,0,0,0,0,0,0,0,0,2,0,0,9,0,0,0,0,0,0,0,0,0,0,0,0,0,0,1,1,0,0,1,0,0,1,0,0,0,0,0,0,0,0,0,0,0,0,0
video shows helicopter rescue of israeli hostages_output.json,l-RBT5KE_Z4,20240608,1503,0,4,7,8,2,0,0,0,5,4,7,2,3,0,6,0,2,4,3,2,3,1,0,4,0,0,0,0,0,0,0,1,0,0,0,0,0,0,0,1,13,1,1,0,0,0,0,0,0,1,2,0,0,0,0,0,0,0,0,1,0,0,0,0,0,0,0,0,0,0,0,0,0,0,0,0
video shows journey one woman took to escape shooting at music festival_output.json,I5yAK7kt0os,20231010,325,0,0,0,0,0,0,0,0,0,0,0,0,0,0,0,0,0,0,0,0,0,0,0,0,0,0,0,0,0,0,0,0,0,0,0,0,0,0,0,0,0,0,0,0,0,0,0,0,0,0,0,0,0,0,0,0,0,0,0,0,0,0,0,0,0,0,0,0,0,0,0,0,0,0,0,0
video shows palestinians fighting to get hold of ration packs_output.json,TwTfedTjXOA,20240227,1729,0,0,18,1,2,0,0,14,1,5,0,1,3,3,0,0,0,0,10,0,1,1,0,1,0,0,0,0,0,0,0,0,0,11,10,0,0,0,0,1,0,0,0,0,0,0,0,0,1,0,1,0,0,1,0,0,0,1,0,0,0,1,1,1,0,0,0,0,1,1,0,0,0,0,0,0
video shows rocket strike about 100 meters from cnn reporter_output.json,RqpU_UKN3TI,20231104,1936,0,16,12,26,5,0,0,2,1,0,0,3,3,1,0,0,1,5,4,1,4,5,0,9,0,6,1,0,0,3,2,0,0,0,0,0,5,0,0,0,1,1,0,0,0,0,0,0,0,1,0,2,0,2,0,0,0,0,0,5,0,0,0,1,0,0,1,0,0,1,0,1,0,0,0,0
videos show civilian hostages released by hamas_output.json,HNPh803AUEA,20231125,1870,0,4,5,9,0,0,1,1,2,0,2,0,9,1,0,0,0,11,5,1,2,4,0,0,0,0,0,0,0,2,0,5,0,0,0,0,2,0,0,9,29,0,0,0,0,0,0,0,0,0,0,0,0,0,1,0,0,0,0,0,0,0,0,2,0,0,0,0,0,2,0,0,0,0,0,0
videos show impact of strikes on children in gaza_output.json,g21TVxor7iE,20231013,351,0,0,0,0,0,0,0,0,0,0,0,0,0,0,0,0,0,0,0,0,0,0,0,0,0,0,0,0,0,0,0,0,0,0,0,0,0,0,0,0,0,0,0,0,0,0,0,0,0,0,0,0,0,0,0,0,0,0,0,0,0,0,0,0,0,0,0,0,0,0,0,0,0,0,0,0
viral video of usc professor's encounter with pro-palestinian students sparks controversy_output.json,FHDxzn3kgUA,20231211,1098,1,3,2,2,1,0,3,0,0,2,0,4,0,0,0,0,0,0,1,0,0,3,0,0,0,0,0,0,0,0,1,0,0,0,0,0,1,0,0,0,0,0,0,0,0,0,0,3,0,0,1,0,0,0,0,0,0,0,0,0,0,0,0,0,0,0,0,0,0,0,0,0,0,0,0,0
volunteer israeli medic recounts horror of hamas attack_output.json,Q0NQFeLzsd8,20231022,1697,0,5,1,6,2,0,0,0,0,0,0,0,0,0,0,0,0,0,0,0,2,0,0,0,0,1,0,0,0,0,0,0,0,0,0,0,0,0,0,5,0,0,0,0,0,0,0,0,0,0,0,0,0,0,0,0,0,0,0,0,0,0,0,0,0,0,0,0,0,0,0,0,0,0,0,0
watch as iron dome intercepts hamas' rockets over cnn correspondent's head_output.json,ni1vHdQtWbs,20231010,1826,0,1,7,6,0,0,0,0,1,0,0,0,4,0,0,0,0,0,0,0,0,0,0,0,0,0,0,0,0,0,0,0,0,0,0,0,0,0,0,0,0,0,0,0,0,0,0,0,0,0,0,4,0,0,0,0,0,0,0,1,0,0,0,0,0,0,0,0,0,0,0,0,0,0,0,0
weapons used by hamas militants appear to be russian or chinese made_output.json,Cyp03W2SXyc,20231014,1470,0,8,7,16,2,0,0,0,2,0,0,1,4,0,0,0,0,0,0,0,3,3,0,2,0,2,2,0,0,0,2,0,0,0,0,0,0,0,0,1,3,0,0,0,0,0,0,0,0,0,0,3,0,0,0,0,0,1,0,2,0,0,0,0,0,0,1,0,1,0,0,0,0,0,0,0
wesley clark israeli’s militarily have to do this_output.json,LX0UE92QqDw,20231115,1672,0,5,8,16,2,0,0,0,4,2,6,0,1,0,0,0,0,12,0,0,3,0,0,9,0,1,0,0,0,0,0,0,0,0,0,0,4,0,0,0,0,0,0,0,0,0,0,0,0,1,0,0,2,1,0,0,0,1,1,0,0,0,0,0,0,0,0,0,0,0,0,0,0,0,0,0
what might be giving israel pause before incursion expert lays out possible factors_output.json,aCugwURWg7Q,20231022,1306,0,4,5,2,0,0,0,0,3,0,10,1,3,0,0,0,0,0,0,0,2,0,0,3,0,0,0,0,0,0,0,2,0,0,0,0,0,0,0,3,4,0,2,0,0,0,0,0,0,0,4,0,2,1,0,0,0,0,0,0,0,0,0,1,2,0,0,0,0,0,1,0,0,0,0,0
"when hamas attacked, this group of volunteers fought back and won_output.json",NYhUr70aXZE,20231020,2183,0,0,1,0,0,0,0,0,5,0,0,0,0,0,0,0,0,0,1,0,0,2,0,1,0,5,0,0,1,0,0,0,0,0,0,1,0,0,0,1,0,0,0,0,0,0,0,0,0,1,0,0,0,0,0,0,0,0,0,0,0,0,0,0,0,0,0,0,0,0,0,0,0,0,0,0
"white house says it is watching iranian threat ‘very, very closely’_output.json",M1xlEYfPiyk,20240412,1744,0,26,0,0,5,24,0,0,5,0,8,0,12,0,0,0,1,0,0,2,15,1,4,0,4,0,0,0,0,0,2,1,0,0,0,0,0,0,0,0,0,0,0,0,0,0,1,0,0,0,0,0,0,0,0,1,0,0,0,3,0,0,0,0,3,0,0,0,0,1,0,0,0,0,0,0
white house warns israel over post-war plans for gaza_output.json,A3TWRghbSsc,20231107,1596,0,4,8,7,2,3,0,0,4,0,2,3,2,0,0,0,2,0,0,9,5,3,1,0,0,2,0,0,1,0,4,1,0,0,0,0,0,0,1,0,0,0,0,0,0,0,0,1,0,0,0,0,0,1,0,0,0,0,0,1,0,0,0,1,4,0,0,0,0,0,1,0,0,0,0,0
who is the leader of hamas in gaza_output.json,1wfmV0qOQow,20231018,1356,0,11,8,14,5,2,0,0,4,5,0,3,4,0,0,0,1,0,1,0,3,3,3,4,0,0,1,0,1,3,3,0,0,0,0,0,0,0,0,0,3,0,0,0,0,0,0,0,0,0,0,0,2,0,3,0,0,1,0,1,0,0,0,0,0,0,1,0,0,0,0,0,0,0,0,0
"why gaetz doesn't regret ousting mccarthy, even amid israel-hamas conflict_output.json",3fMALiXAduU,20231014,1897,0,17,2,3,2,0,0,2,1,0,0,0,0,1,0,0,0,0,0,0,0,0,0,1,0,0,0,0,0,1,9,2,0,0,0,0,0,0,0,1,0,1,0,0,0,0,1,0,0,0,0,0,0,0,0,1,0,0,0,0,0,0,0,0,6,0,0,0,0,0,0,1,0,0,0,0
why retired general thinks hostage exchange is a 'net loss' for israel_output.json,VCgcvGM2QUU,20231126,859,0,9,2,11,0,1,0,0,11,0,4,1,9,0,0,0,0,0,0,0,0,0,3,3,0,0,0,0,0,0,0,2,0,1,0,0,0,0,0,0,6,0,0,1,0,0,0,0,0,2,0,0,0,0,0,0,1,0,0,1,0,0,0,1,2,0,0,1,0,5,0,0,0,0,0,0
why some ultra-orthodox jews are enlisting in the idf_output.json,IWLNF_s6xkM,20231030,771,0,9,0,3,1,0,0,0,3,0,0,0,5,0,0,0,0,0,4,0,3,2,0,0,0,0,0,0,0,0,0,0,0,0,0,0,0,0,0,3,0,0,0,0,0,0,0,3,0,0,0,0,0,0,0,0,0,0,0,0,0,0,0,2,0,0,0,0,0,1,0,0,0,0,0,0
why this expert thinks everyone's mental health is 'at risk' from israel-hamas war_output.json,VlQiCdqFURM,20231014,1068,0,2,1,0,2,0,0,0,0,0,0,0,0,0,0,0,0,0,2,0,0,0,0,0,0,0,0,0,0,0,0,0,0,0,0,0,4,0,0,2,0,0,0,0,0,0,0,0,0,0,0,0,0,0,0,0,0,0,0,0,0,0,0,0,0,0,0,0,0,0,0,0,0,0,0,0
woman recalls being told her sister was killed by hamas at nova festival_output.json,SR_EAWjPUM0,20231021,1182,0,1,2,4,1,0,0,0,0,0,0,0,0,0,0,0,0,2,0,0,2,3,0,2,0,2,0,0,0,0,0,0,0,0,0,0,1,0,0,4,2,0,0,0,0,0,0,0,0,0,1,0,2,0,0,0,0,0,0,1,0,0,0,0,0,0,0,0,0,0,0,0,0,0,0,0
woman's daughter was killed by hamas_output.json,,,1712,0,0,2,1,0,0,0,0,0,0,0,0,0,0,0,0,0,0,3,0,0,7,0,0,0,1,0,0,0,0,0,0,0,0,0,0,0,0,0,0,2,0,0,0,0,0,0,1,0,0,2,0,1,0,0,0,0,0,0,2,0,0,0,0,0,0,0,0,0,0,0,0,0,0,0,0
young girl exits ambulance at rafah crossing amid hostage release_output.json,zvYqPJeFUV8,20231124,1878,0,9,3,3,0,0,0,0,1,0,0,0,7,0,0,1,0,3,4,0,2,0,0,0,0,0,0,0,0,1,0,0,0,1,0,0,0,0,0,3,26,0,0,0,0,0,0,0,0,0,0,0,0,0,0,0,0,0,0,0,0,0,0,3,0,0,0,0,0,1,0,0,0,0,0,0
‘inconceivable’ bernie sanders slams netanyahu’s approach to war against hamas_output.json,upZ61_Kb_ZM,20240618,843,0,4,2,0,0,0,0,0,0,0,0,0,0,0,0,0,3,0,1,0,0,2,0,0,0,0,0,0,0,0,1,0,0,0,0,0,1,0,0,0,0,0,0,0,0,0,0,0,0,0,0,0,0,0,0,0,0,0,0,0,0,0,0,0,0,0,0,0,0,0,0,0,0,0,0,0
‘iran’s useful idiots’ netanyahu calls out protesters during speech to congress_output.json,RUUqUNYFcmo,20240724,1913,2,21,8,4,2,7,0,4,4,0,0,0,8,0,1,0,2,0,1,7,0,2,1,3,1,0,0,0,0,0,1,2,1,0,0,0,0,0,0,2,4,0,2,0,0,0,0,5,0,1,0,0,0,0,0,0,0,0,0,0,0,0,0,0,1,0,0,0,1,1,0,0,0,0,0,0
‘it wont be hezbollah alone’ lebanon’s fm warns against israeli invasion_output.json,5K-aUvgP8sE,20240728,1710,0,17,0,1,4,2,1,0,2,0,1,0,10,0,0,0,2,0,2,9,23,2,22,0,12,0,1,0,0,0,1,0,0,0,0,0,0,0,3,0,0,0,0,1,0,0,1,0,0,0,0,0,0,0,0,1,0,0,0,0,2,0,0,3,5,0,0,0,0,1,0,0,0,0,0,0
‘no nation is liberated without sacrifices’ how hamas frames casualties of war_output.json,e93Pu6fqlnU,20231107,1022,0,0,0,0,0,0,0,0,0,0,0,0,0,0,0,0,0,0,0,0,0,0,0,0,0,0,0,0,0,0,0,0,0,0,0,0,0,0,0,0,0,0,0,0,0,0,0,0,0,0,0,0,0,0,0,0,0,0,0,0,0,0,0,0,0,0,0,0,0,0,0,0,0,0,0,0
‘that sounds like ethnic cleansing’ cnn questions lead figure in israel’s settler movement_output.json,FkXJwErm8DM,20240320,1255,0,9,18,0,1,0,0,0,0,0,4,2,5,0,0,0,2,0,0,3,0,1,0,0,0,0,0,0,3,0,3,1,0,0,0,0,0,0,0,2,0,0,0,0,0,0,0,3,0,0,0,0,1,0,0,0,0,0,0,2,0,0,1,1,0,0,0,0,0,0,0,0,0,0,0,0
‘we feel alone’ schumer addresses antisemitism_output.json,1UKGQ3ORCkc,20231129,669,0,1,0,0,1,0,0,1,0,0,1,0,1,0,0,0,0,0,1,0,1,1,0,0,0,0,0,0,0,0,0,0,0,0,0,0,0,0,0,0,0,0,0,0,0,0,0,6,0,0,0,0,0,0,0,0,0,0,0,0,0,0,0,2,0,0,0,0,0,0,0,0,0,0,0,0
‘you decided to still drop a bomb’ wolf presses idf spokesman on israeli airstrike on refugee camp_output.json,hyqFFsRifFM,20231101,646,0,2,2,6,1,0,0,0,0,0,2,1,1,0,0,0,0,0,2,0,2,6,0,6,0,1,0,0,0,0,0,0,0,0,0,0,0,0,0,0,0,10,0,0,0,0,0,0,0,0,0,0,0,0,0,0,0,0,0,0,0,0,0,0,1,0,0,0,0,0,0,0,0,0,0,0
